claim_id,claim_number,policy_id,loss_date,reported_at,fnol_channel,cause_of_loss,coverage_type,loss_state,current_status,closed_at,reopened_at,loaded_at
CLM-0000001,2023-0000001,POL-000003,2023-07-25,2023-07-25T09:00:00+00:00,WEB,wind,DWELLING,SC,CLOSED,2023-12-31T12:00:00+00:00,,2023-07-25T10:00:00+00:00
CLM-0000002,2024-0000002,POL-000006,2024-07-09,2024-07-10T09:00:00+00:00,PHONE,water,LIABILITY,FL,CLOSED,2024-10-16T12:00:00+00:00,,2024-07-10T10:00:00+00:00
CLM-0000003,2024-0000003,POL-000006,2024-01-21,2024-01-21T09:00:00+00:00,PHONE,wind,CONTENTS,FL,CLOSED,2024-07-09T12:00:00+00:00,,2024-01-21T10:00:00+00:00
CLM-0000004,2023-0000004,POL-000007,2023-09-09,2023-09-12T09:00:00+00:00,WEB,theft,COLLISION,NC,REOPENED,2023-11-12T12:00:00+00:00,2023-11-30T12:00:00+00:00,2023-09-12T10:00:00+00:00
CLM-0000005,2024-0000005,POL-000007,2024-02-09,2024-02-15T09:00:00+00:00,PHONE,theft,PD,NC,CLOSED,2024-05-12T12:00:00+00:00,,2024-02-15T10:00:00+00:00
CLM-0000006,2023-0000006,POL-000009,2023-08-19,2023-08-22T09:00:00+00:00,AGENT,water,DWELLING,NC,CLOSED,2024-01-16T12:00:00+00:00,,2023-08-22T10:00:00+00:00
CLM-0000007,2023-0000007,POL-000009,2023-11-24,2023-11-26T09:00:00+00:00,WEB,fire,DWELLING,NC,OPEN,,,2023-11-26T10:00:00+00:00
CLM-0000008,2024-0000008,POL-000011,2024-01-01,2024-01-03T09:00:00+00:00,WEB,collision,BI,GA,OPEN,,,2024-01-03T10:00:00+00:00
CLM-0000009,2023-0000009,POL-000012,2023-08-15,2023-08-22T09:00:00+00:00,PHONE,water,ALE,GA,CLOSED,2023-11-26T12:00:00+00:00,,2023-08-22T10:00:00+00:00
CLM-0000010,2023-0000010,POL-000014,2023-08-19,2023-08-24T09:00:00+00:00,MOBILE,theft,COLLISION,FL,CLOSED,2023-11-13T12:00:00+00:00,,2023-08-24T10:00:00+00:00
CLM-0000011,2023-0000011,POL-000014,2023-05-27,2023-06-01T09:00:00+00:00,WEB,glass,BI,FL,CLOSED,2023-07-18T12:00:00+00:00,,2023-06-01T10:00:00+00:00
CLM-0000012,2023-0000012,POL-000015,2023-04-06,2023-04-12T09:00:00+00:00,MOBILE,water,CONTENTS,FL,CLOSED,2023-09-18T12:00:00+00:00,,2023-04-12T10:00:00+00:00
CLM-0000013,2023-0000013,POL-000016,2023-11-27,2023-11-29T09:00:00+00:00,WEB,glass,BI,SC,CLOSED,2024-01-13T12:00:00+00:00,,2023-11-29T10:00:00+00:00
CLM-0000014,2023-0000014,POL-000018,2023-08-05,2023-08-06T09:00:00+00:00,PHONE,theft,DWELLING,SC,CLOSED,2023-09-20T12:00:00+00:00,,2023-08-06T10:00:00+00:00
CLM-0000015,2024-0000015,POL-000019,2024-02-20,2024-02-27T09:00:00+00:00,AGENT,weather,BI,GA,CLOSED,2024-04-02T12:00:00+00:00,,2024-02-27T10:00:00+00:00
CLM-0000016,2023-0000016,POL-000020,2023-11-18,2023-11-24T09:00:00+00:00,MOBILE,glass,BI,NC,CLOSED,2024-01-18T12:00:00+00:00,,2023-11-24T10:00:00+00:00
CLM-0000017,2024-0000017,POL-000028,2024-06-02,2024-06-06T09:00:00+00:00,AGENT,collision,PD,GA,CLOSED,2024-10-25T12:00:00+00:00,,2024-06-06T10:00:00+00:00
CLM-0000018,2023-0000018,POL-000030,2023-06-11,2023-06-18T09:00:00+00:00,WEB,theft,LIABILITY,SC,CLOSED,2023-07-31T12:00:00+00:00,,2023-06-18T10:00:00+00:00
CLM-0000019,2023-0000019,POL-000030,2023-05-11,2023-05-18T09:00:00+00:00,AGENT,theft,DWELLING,SC,CLOSED,2023-08-07T12:00:00+00:00,,2023-05-18T10:00:00+00:00
CLM-0000020,2024-0000020,POL-000031,2024-09-27,2024-09-27T09:00:00+00:00,WEB,weather,COMPREHENSIVE,FL,CLOSED,2024-12-01T12:00:00+00:00,,2024-09-27T10:00:00+00:00
CLM-0000021,2023-0000021,POL-000034,2023-01-17,2023-01-20T09:00:00+00:00,WEB,glass,BI,SC,OPEN,,,2023-01-20T10:00:00+00:00
CLM-0000022,2022-0000022,POL-000034,2022-03-29,2022-04-01T09:00:00+00:00,MOBILE,theft,PD,SC,CLOSED,2022-04-27T12:00:00+00:00,,2022-04-01T10:00:00+00:00
CLM-0000023,2023-0000023,POL-000036,2023-02-11,2023-02-18T09:00:00+00:00,MOBILE,wind,ALE,SC,CLOSED,2023-03-26T12:00:00+00:00,,2023-02-18T10:00:00+00:00
CLM-0000024,2022-0000024,POL-000037,2022-12-20,2022-12-20T09:00:00+00:00,PHONE,weather,COMPREHENSIVE,SC,CLOSED,2023-04-20T12:00:00+00:00,,2022-12-20T10:00:00+00:00
CLM-0000025,2023-0000025,POL-000038,2023-09-03,2023-09-05T09:00:00+00:00,AGENT,weather,COLLISION,SC,CLOSED,2024-01-02T12:00:00+00:00,,2023-09-05T10:00:00+00:00
CLM-0000026,2023-0000026,POL-000039,2023-11-25,2023-11-28T09:00:00+00:00,MOBILE,fire,DWELLING,GA,OPEN,,,2023-11-28T10:00:00+00:00
CLM-0000027,2022-0000027,POL-000040,2022-06-09,2022-06-09T09:00:00+00:00,WEB,theft,COMPREHENSIVE,GA,OPEN,,,2022-06-09T10:00:00+00:00
CLM-0000028,2024-0000028,POL-000041,2024-04-05,2024-04-09T09:00:00+00:00,PHONE,collision,PD,SC,CLOSED,2024-09-07T12:00:00+00:00,,2024-04-09T10:00:00+00:00
CLM-0000029,2022-0000029,POL-000042,2022-11-05,2022-11-08T09:00:00+00:00,PHONE,wind,ALE,GA,REOPENED,2023-02-08T12:00:00+00:00,2023-03-09T12:00:00+00:00,2022-11-08T10:00:00+00:00
CLM-0000030,2023-0000030,POL-000044,2023-11-03,2023-11-06T09:00:00+00:00,AGENT,glass,COLLISION,NC,CLOSED,2024-02-22T12:00:00+00:00,,2023-11-06T10:00:00+00:00
CLM-0000031,2022-0000031,POL-000045,2022-11-10,2022-11-12T09:00:00+00:00,AGENT,water,LIABILITY,SC,CLOSED,2023-02-01T12:00:00+00:00,,2022-11-12T10:00:00+00:00
CLM-0000032,2023-0000032,POL-000046,2023-03-05,2023-03-09T09:00:00+00:00,AGENT,collision,PD,GA,OPEN,,,2023-03-09T10:00:00+00:00
CLM-0000033,2023-0000033,POL-000047,2023-11-23,2023-11-26T09:00:00+00:00,PHONE,theft,PD,NC,CLOSED,2024-04-27T12:00:00+00:00,,2023-11-26T10:00:00+00:00
CLM-0000034,2023-0000034,POL-000051,2023-07-14,2023-07-20T09:00:00+00:00,AGENT,fire,ALE,FL,OPEN,,,2023-07-20T10:00:00+00:00
CLM-0000035,2024-0000035,POL-000058,2024-04-19,2024-04-20T09:00:00+00:00,WEB,collision,COMPREHENSIVE,NC,CLOSED,2024-09-13T12:00:00+00:00,,2024-04-20T10:00:00+00:00
CLM-0000036,2023-0000036,POL-000060,2023-06-03,2023-06-05T09:00:00+00:00,WEB,water,ALE,NC,OPEN,,,2023-06-05T10:00:00+00:00
CLM-0000037,2023-0000037,POL-000062,2023-03-21,2023-03-23T09:00:00+00:00,AGENT,weather,COMPREHENSIVE,FL,OPEN,,,2023-03-23T10:00:00+00:00
CLM-0000038,2024-0000038,POL-000064,2024-03-11,2024-03-15T09:00:00+00:00,WEB,glass,BI,FL,OPEN,,,2024-03-15T10:00:00+00:00
CLM-0000039,2024-0000039,POL-000065,2024-04-01,2024-04-05T09:00:00+00:00,MOBILE,theft,COMPREHENSIVE,NC,CLOSED,2024-08-14T12:00:00+00:00,,2024-04-05T10:00:00+00:00
CLM-0000040,2024-0000040,POL-000066,2024-05-29,2024-06-05T09:00:00+00:00,WEB,theft,ALE,GA,CLOSED,2024-09-19T12:00:00+00:00,,2024-06-05T10:00:00+00:00
CLM-0000041,2023-0000041,POL-000068,2023-01-26,2023-01-28T09:00:00+00:00,MOBILE,glass,COLLISION,SC,CLOSED,2023-03-14T12:00:00+00:00,,2023-01-28T10:00:00+00:00
CLM-0000042,2022-0000042,POL-000069,2022-10-31,2022-11-01T09:00:00+00:00,MOBILE,theft,LIABILITY,FL,CLOSED,2023-01-20T12:00:00+00:00,,2022-11-01T10:00:00+00:00
CLM-0000043,2024-0000043,POL-000071,2024-05-25,2024-05-27T09:00:00+00:00,AGENT,theft,BI,SC,CLOSED,2024-10-20T12:00:00+00:00,,2024-05-27T10:00:00+00:00
CLM-0000044,2023-0000044,POL-000073,2023-05-24,2023-05-30T09:00:00+00:00,WEB,glass,COMPREHENSIVE,GA,CLOSED,2023-09-13T12:00:00+00:00,,2023-05-30T10:00:00+00:00
CLM-0000045,2023-0000045,POL-000076,2023-05-31,2023-06-02T09:00:00+00:00,AGENT,glass,BI,GA,CLOSED,2023-07-08T12:00:00+00:00,,2023-06-02T10:00:00+00:00
CLM-0000046,2024-0000046,POL-000078,2024-03-20,2024-03-23T09:00:00+00:00,PHONE,fire,ALE,GA,CLOSED,2024-04-18T12:00:00+00:00,,2024-03-23T10:00:00+00:00
CLM-0000047,2023-0000047,POL-000078,2023-12-19,2023-12-20T09:00:00+00:00,MOBILE,wind,ALE,GA,CLOSED,2024-05-01T12:00:00+00:00,,2023-12-20T10:00:00+00:00
CLM-0000048,2023-0000048,POL-000080,2023-09-13,2023-09-15T09:00:00+00:00,AGENT,theft,COLLISION,NC,CLOSED,2024-02-20T12:00:00+00:00,,2023-09-15T10:00:00+00:00
CLM-0000049,2023-0000049,POL-000081,2023-01-17,2023-01-20T09:00:00+00:00,PHONE,wind,LIABILITY,FL,CLOSED,2023-04-11T12:00:00+00:00,,2023-01-20T10:00:00+00:00
CLM-0000050,2024-0000050,POL-000082,2024-01-04,2024-01-04T09:00:00+00:00,PHONE,weather,COLLISION,GA,OPEN,,,2024-01-04T10:00:00+00:00
CLM-0000051,2023-0000051,POL-000084,2023-05-29,2023-06-04T09:00:00+00:00,MOBILE,theft,LIABILITY,GA,CLOSED,2023-06-21T12:00:00+00:00,,2023-06-04T10:00:00+00:00
CLM-0000052,2023-0000052,POL-000086,2023-08-15,2023-08-16T09:00:00+00:00,MOBILE,collision,COMPREHENSIVE,SC,CLOSED,2023-12-14T12:00:00+00:00,,2023-08-16T10:00:00+00:00
CLM-0000053,2023-0000053,POL-000086,2023-02-28,2023-03-05T09:00:00+00:00,AGENT,weather,COLLISION,SC,CLOSED,2023-06-19T12:00:00+00:00,,2023-03-05T10:00:00+00:00
CLM-0000054,2024-0000054,POL-000087,2024-05-19,2024-05-26T09:00:00+00:00,PHONE,wind,DWELLING,SC,CLOSED,2024-10-17T12:00:00+00:00,,2024-05-26T10:00:00+00:00
CLM-0000055,2023-0000055,POL-000091,2023-08-29,2023-09-02T09:00:00+00:00,AGENT,glass,COMPREHENSIVE,FL,OPEN,,,2023-09-02T10:00:00+00:00
CLM-0000056,2022-0000056,POL-000095,2022-09-28,2022-10-02T09:00:00+00:00,WEB,theft,PD,NC,CLOSED,2023-03-05T12:00:00+00:00,,2022-10-02T10:00:00+00:00
CLM-0000057,2022-0000057,POL-000096,2022-10-30,2022-11-03T09:00:00+00:00,AGENT,fire,ALE,SC,REOPENED,2023-03-09T12:00:00+00:00,2023-04-01T12:00:00+00:00,2022-11-03T10:00:00+00:00
CLM-0000058,2023-0000058,POL-000097,2023-12-28,2024-01-01T09:00:00+00:00,MOBILE,theft,COLLISION,GA,CLOSED,2024-06-11T12:00:00+00:00,,2024-01-01T10:00:00+00:00
CLM-0000059,2023-0000059,POL-000098,2023-01-10,2023-01-16T09:00:00+00:00,WEB,weather,BI,SC,CLOSED,2023-05-09T12:00:00+00:00,,2023-01-16T10:00:00+00:00
CLM-0000060,2023-0000060,POL-000098,2023-09-05,2023-09-05T09:00:00+00:00,PHONE,theft,COLLISION,SC,CLOSED,2023-10-31T12:00:00+00:00,,2023-09-05T10:00:00+00:00
CLM-0000061,2023-0000061,POL-000102,2023-01-07,2023-01-07T09:00:00+00:00,MOBILE,water,ALE,SC,CLOSED,2023-01-30T12:00:00+00:00,,2023-01-07T10:00:00+00:00
CLM-0000062,2023-0000062,POL-000106,2023-04-29,2023-05-02T09:00:00+00:00,MOBILE,theft,COMPREHENSIVE,FL,OPEN,,,2023-05-02T10:00:00+00:00
CLM-0000063,2023-0000063,POL-000107,2023-09-25,2023-10-01T09:00:00+00:00,WEB,weather,COMPREHENSIVE,SC,CLOSED,2023-11-12T12:00:00+00:00,,2023-10-01T10:00:00+00:00
CLM-0000064,2023-0000064,POL-000108,2023-01-23,2023-01-27T09:00:00+00:00,PHONE,wind,LIABILITY,NC,OPEN,,,2023-01-27T10:00:00+00:00
CLM-0000065,2024-0000065,POL-000110,2024-07-31,2024-08-04T09:00:00+00:00,WEB,collision,COLLISION,GA,OPEN,,,2024-08-04T10:00:00+00:00
CLM-0000066,2023-0000066,POL-000112,2023-06-22,2023-06-25T09:00:00+00:00,WEB,collision,COMPREHENSIVE,NC,OPEN,,,2023-06-25T10:00:00+00:00
CLM-0000067,2023-0000067,POL-000116,2023-10-29,2023-10-30T09:00:00+00:00,MOBILE,theft,COLLISION,FL,OPEN,,,2023-10-30T10:00:00+00:00
CLM-0000068,2024-0000068,POL-000117,2024-09-24,2024-10-01T09:00:00+00:00,WEB,water,DWELLING,NC,CLOSED,2024-12-13T12:00:00+00:00,,2024-10-01T10:00:00+00:00
CLM-0000069,2024-0000069,POL-000117,2024-08-04,2024-08-10T09:00:00+00:00,AGENT,water,ALE,NC,CLOSED,2024-12-19T12:00:00+00:00,,2024-08-10T10:00:00+00:00
CLM-0000070,2024-0000070,POL-000119,2024-01-16,2024-01-22T09:00:00+00:00,MOBILE,weather,BI,GA,OPEN,,,2024-01-22T10:00:00+00:00
CLM-0000071,2023-0000071,POL-000119,2023-10-24,2023-10-24T09:00:00+00:00,PHONE,theft,COMPREHENSIVE,GA,OPEN,,,2023-10-24T10:00:00+00:00
CLM-0000072,2023-0000072,POL-000120,2023-11-27,2023-11-29T09:00:00+00:00,MOBILE,wind,ALE,GA,CLOSED,2023-12-20T12:00:00+00:00,,2023-11-29T10:00:00+00:00
CLM-0000073,2022-0000073,POL-000121,2022-11-24,2022-11-29T09:00:00+00:00,MOBILE,weather,PD,SC,CLOSED,2023-01-15T12:00:00+00:00,,2022-11-29T10:00:00+00:00
CLM-0000074,2023-0000074,POL-000122,2023-08-03,2023-08-06T09:00:00+00:00,PHONE,collision,PD,NC,CLOSED,2023-11-06T12:00:00+00:00,,2023-08-06T10:00:00+00:00
CLM-0000075,2023-0000075,POL-000123,2023-05-05,2023-05-09T09:00:00+00:00,AGENT,fire,CONTENTS,SC,CLOSED,2023-10-17T12:00:00+00:00,,2023-05-09T10:00:00+00:00
CLM-0000076,2023-0000076,POL-000124,2023-05-10,2023-05-14T09:00:00+00:00,AGENT,glass,COLLISION,SC,CLOSED,2023-05-30T12:00:00+00:00,,2023-05-14T10:00:00+00:00
CLM-0000077,2023-0000077,POL-000124,2023-01-04,2023-01-11T09:00:00+00:00,WEB,collision,COLLISION,SC,CLOSED,2023-01-31T12:00:00+00:00,,2023-01-11T10:00:00+00:00
CLM-0000078,2023-0000078,POL-000125,2023-05-05,2023-05-10T09:00:00+00:00,WEB,glass,COLLISION,GA,CLOSED,2023-08-23T12:00:00+00:00,,2023-05-10T10:00:00+00:00
CLM-0000079,2024-0000079,POL-000126,2024-04-20,2024-04-20T09:00:00+00:00,PHONE,wind,DWELLING,FL,CLOSED,2024-07-03T12:00:00+00:00,,2024-04-20T10:00:00+00:00
CLM-0000080,2023-0000080,POL-000130,2023-07-26,2023-07-28T09:00:00+00:00,PHONE,glass,COLLISION,NC,REOPENED,2023-08-31T12:00:00+00:00,2023-09-27T12:00:00+00:00,2023-07-28T10:00:00+00:00
CLM-0000081,2024-0000081,POL-000132,2024-07-01,2024-07-08T09:00:00+00:00,PHONE,theft,LIABILITY,NC,OPEN,,,2024-07-08T10:00:00+00:00
CLM-0000082,2022-0000082,POL-000134,2022-04-06,2022-04-08T09:00:00+00:00,PHONE,collision,COLLISION,NC,OPEN,,,2022-04-08T10:00:00+00:00
CLM-0000083,2023-0000083,POL-000135,2023-10-03,2023-10-04T09:00:00+00:00,AGENT,wind,DWELLING,SC,CLOSED,2024-01-20T12:00:00+00:00,,2023-10-04T10:00:00+00:00
CLM-0000084,2022-0000084,POL-000137,2022-09-11,2022-09-12T09:00:00+00:00,PHONE,weather,PD,SC,CLOSED,2022-12-11T12:00:00+00:00,,2022-09-12T10:00:00+00:00
CLM-0000085,2024-0000085,POL-000140,2024-05-24,2024-05-28T09:00:00+00:00,MOBILE,theft,COLLISION,FL,CLOSED,2024-07-31T12:00:00+00:00,,2024-05-28T10:00:00+00:00
CLM-0000086,2023-0000086,POL-000145,2023-10-03,2023-10-07T09:00:00+00:00,AGENT,glass,COLLISION,GA,OPEN,,,2023-10-07T10:00:00+00:00
CLM-0000087,2023-0000087,POL-000146,2023-10-25,2023-10-29T09:00:00+00:00,MOBILE,collision,COLLISION,SC,CLOSED,2024-02-19T12:00:00+00:00,,2023-10-29T10:00:00+00:00
CLM-0000088,2022-0000088,POL-000152,2022-10-18,2022-10-19T09:00:00+00:00,MOBILE,theft,COMPREHENSIVE,GA,CLOSED,2022-12-16T12:00:00+00:00,,2022-10-19T10:00:00+00:00
CLM-0000089,2023-0000089,POL-000154,2023-08-26,2023-08-27T09:00:00+00:00,AGENT,collision,COMPREHENSIVE,NC,CLOSED,2024-01-15T12:00:00+00:00,,2023-08-27T10:00:00+00:00
CLM-0000090,2022-0000090,POL-000155,2022-09-14,2022-09-19T09:00:00+00:00,PHONE,theft,COMPREHENSIVE,FL,OPEN,,,2022-09-19T10:00:00+00:00
CLM-0000091,2024-0000091,POL-000156,2024-07-30,2024-07-31T09:00:00+00:00,WEB,theft,CONTENTS,SC,CLOSED,2024-10-27T12:00:00+00:00,,2024-07-31T10:00:00+00:00
CLM-0000092,2024-0000092,POL-000156,2024-03-18,2024-03-20T09:00:00+00:00,AGENT,water,DWELLING,SC,CLOSED,2024-08-05T12:00:00+00:00,,2024-03-20T10:00:00+00:00
CLM-0000093,2022-0000093,POL-000157,2022-11-08,2022-11-11T09:00:00+00:00,WEB,collision,PD,FL,CLOSED,2023-01-04T12:00:00+00:00,,2022-11-11T10:00:00+00:00
CLM-0000094,2022-0000094,POL-000160,2022-06-30,2022-07-05T09:00:00+00:00,MOBILE,collision,COLLISION,FL,CLOSED,2022-08-29T12:00:00+00:00,,2022-07-05T10:00:00+00:00
CLM-0000095,2023-0000095,POL-000162,2023-06-12,2023-06-14T09:00:00+00:00,PHONE,wind,DWELLING,NC,REOPENED,2023-10-09T12:00:00+00:00,2023-10-20T12:00:00+00:00,2023-06-14T10:00:00+00:00
CLM-0000096,2023-0000096,POL-000163,2023-03-18,2023-03-20T09:00:00+00:00,WEB,weather,COMPREHENSIVE,GA,OPEN,,,2023-03-20T10:00:00+00:00
CLM-0000097,2023-0000097,POL-000164,2023-05-03,2023-05-09T09:00:00+00:00,WEB,weather,PD,NC,REOPENED,2023-09-01T12:00:00+00:00,2023-10-11T12:00:00+00:00,2023-05-09T10:00:00+00:00
CLM-0000098,2022-0000098,POL-000166,2022-09-19,2022-09-20T09:00:00+00:00,PHONE,collision,COLLISION,GA,CLOSED,2022-10-29T12:00:00+00:00,,2022-09-20T10:00:00+00:00
CLM-0000099,2023-0000099,POL-000170,2023-05-28,2023-05-29T09:00:00+00:00,WEB,collision,BI,SC,CLOSED,2023-07-19T12:00:00+00:00,,2023-05-29T10:00:00+00:00
CLM-0000100,2022-0000100,POL-000171,2022-11-29,2022-12-01T09:00:00+00:00,PHONE,fire,LIABILITY,GA,CLOSED,2023-02-24T12:00:00+00:00,,2022-12-01T10:00:00+00:00
CLM-0000101,2022-0000101,POL-000172,2022-03-16,2022-03-20T09:00:00+00:00,PHONE,glass,COLLISION,FL,CLOSED,2022-06-11T12:00:00+00:00,,2022-03-20T10:00:00+00:00
CLM-0000102,2022-0000102,POL-000176,2022-12-07,2022-12-11T09:00:00+00:00,MOBILE,collision,COLLISION,FL,OPEN,,,2022-12-11T10:00:00+00:00
CLM-0000103,2023-0000103,POL-000179,2023-09-22,2023-09-29T09:00:00+00:00,MOBILE,theft,COMPREHENSIVE,FL,CLOSED,2023-11-05T12:00:00+00:00,,2023-09-29T10:00:00+00:00
CLM-0000104,2022-0000104,POL-000180,2022-05-04,2022-05-10T09:00:00+00:00,PHONE,water,CONTENTS,FL,CLOSED,2022-08-12T12:00:00+00:00,,2022-05-10T10:00:00+00:00
CLM-0000105,2022-0000105,POL-000184,2022-02-28,2022-03-01T09:00:00+00:00,MOBILE,collision,COLLISION,SC,CLOSED,2022-05-11T12:00:00+00:00,,2022-03-01T10:00:00+00:00
CLM-0000106,2023-0000106,POL-000184,2023-01-03,2023-01-03T09:00:00+00:00,AGENT,theft,COLLISION,SC,CLOSED,2023-06-28T12:00:00+00:00,,2023-01-03T10:00:00+00:00
CLM-0000107,2024-0000107,POL-000185,2024-01-28,2024-02-01T09:00:00+00:00,MOBILE,glass,PD,SC,CLOSED,2024-07-07T12:00:00+00:00,,2024-02-01T10:00:00+00:00
CLM-0000108,2024-0000108,POL-000186,2024-09-25,2024-09-25T09:00:00+00:00,AGENT,water,LIABILITY,FL,CLOSED,2024-11-05T12:00:00+00:00,,2024-09-25T10:00:00+00:00
CLM-0000109,2023-0000109,POL-000189,2023-06-16,2023-06-19T09:00:00+00:00,MOBILE,wind,ALE,SC,OPEN,,,2023-06-19T10:00:00+00:00
CLM-0000110,2024-0000110,POL-000189,2024-01-03,2024-01-05T09:00:00+00:00,MOBILE,wind,CONTENTS,SC,OPEN,,,2024-01-05T10:00:00+00:00
CLM-0000111,2022-0000111,POL-000190,2022-12-09,2022-12-13T09:00:00+00:00,MOBILE,glass,BI,NC,CLOSED,2023-06-07T12:00:00+00:00,,2022-12-13T10:00:00+00:00
CLM-0000112,2022-0000112,POL-000190,2022-08-24,2022-08-30T09:00:00+00:00,WEB,weather,PD,NC,CLOSED,2023-02-24T12:00:00+00:00,,2022-08-30T10:00:00+00:00
CLM-0000113,2023-0000113,POL-000192,2023-10-11,2023-10-15T09:00:00+00:00,WEB,wind,LIABILITY,GA,OPEN,,,2023-10-15T10:00:00+00:00
CLM-0000114,2023-0000114,POL-000192,2023-05-16,2023-05-20T09:00:00+00:00,AGENT,wind,LIABILITY,GA,CLOSED,2023-07-16T12:00:00+00:00,,2023-05-20T10:00:00+00:00
CLM-0000115,2022-0000115,POL-000193,2022-09-24,2022-09-25T09:00:00+00:00,MOBILE,weather,COLLISION,SC,OPEN,,,2022-09-25T10:00:00+00:00
CLM-0000116,2022-0000116,POL-000194,2022-08-22,2022-08-28T09:00:00+00:00,WEB,glass,COMPREHENSIVE,GA,CLOSED,2022-11-25T12:00:00+00:00,,2022-08-28T10:00:00+00:00
CLM-0000117,2023-0000117,POL-000196,2023-07-17,2023-07-17T09:00:00+00:00,PHONE,glass,BI,SC,OPEN,,,2023-07-17T10:00:00+00:00
CLM-0000118,2024-0000118,POL-000196,2024-02-25,2024-02-27T09:00:00+00:00,WEB,glass,COLLISION,SC,CLOSED,2024-04-22T12:00:00+00:00,,2024-02-27T10:00:00+00:00
CLM-0000119,2024-0000119,POL-000199,2024-04-14,2024-04-14T09:00:00+00:00,MOBILE,weather,BI,NC,CLOSED,2024-08-25T12:00:00+00:00,,2024-04-14T10:00:00+00:00
CLM-0000120,2024-0000120,POL-000199,2024-05-30,2024-06-03T09:00:00+00:00,AGENT,glass,PD,NC,CLOSED,2024-11-18T12:00:00+00:00,,2024-06-03T10:00:00+00:00
CLM-0000121,2023-0000121,POL-000200,2023-01-02,2023-01-04T09:00:00+00:00,AGENT,theft,COLLISION,NC,CLOSED,2023-07-03T12:00:00+00:00,,2023-01-04T10:00:00+00:00
CLM-0000122,2023-0000122,POL-000201,2023-10-26,2023-11-02T09:00:00+00:00,PHONE,theft,CONTENTS,GA,OPEN,,,2023-11-02T10:00:00+00:00
CLM-0000123,2023-0000123,POL-000203,2023-02-27,2023-03-02T09:00:00+00:00,MOBILE,weather,PD,NC,OPEN,,,2023-03-02T10:00:00+00:00
CLM-0000124,2023-0000124,POL-000207,2023-02-27,2023-03-05T09:00:00+00:00,WEB,water,CONTENTS,SC,CLOSED,2023-07-12T12:00:00+00:00,,2023-03-05T10:00:00+00:00
CLM-0000125,2022-0000125,POL-000211,2022-10-10,2022-10-16T09:00:00+00:00,PHONE,glass,COMPREHENSIVE,FL,CLOSED,2022-11-03T12:00:00+00:00,,2022-10-16T10:00:00+00:00
CLM-0000126,2023-0000126,POL-000212,2023-02-09,2023-02-14T09:00:00+00:00,PHONE,theft,PD,NC,CLOSED,2023-04-12T12:00:00+00:00,,2023-02-14T10:00:00+00:00
CLM-0000127,2022-0000127,POL-000214,2022-12-29,2022-12-29T09:00:00+00:00,MOBILE,glass,PD,FL,OPEN,,,2022-12-29T10:00:00+00:00
CLM-0000128,2024-0000128,POL-000218,2024-01-04,2024-01-07T09:00:00+00:00,AGENT,glass,BI,GA,OPEN,,,2024-01-07T10:00:00+00:00
CLM-0000129,2024-0000129,POL-000219,2024-06-25,2024-06-27T09:00:00+00:00,AGENT,theft,DWELLING,GA,CLOSED,2024-09-06T12:00:00+00:00,,2024-06-27T10:00:00+00:00
CLM-0000130,2022-0000130,POL-000220,2022-09-06,2022-09-10T09:00:00+00:00,WEB,weather,COMPREHENSIVE,GA,CLOSED,2022-12-05T12:00:00+00:00,,2022-09-10T10:00:00+00:00
CLM-0000131,2023-0000131,POL-000221,2023-02-17,2023-02-22T09:00:00+00:00,PHONE,theft,PD,NC,OPEN,,,2023-02-22T10:00:00+00:00
CLM-0000132,2022-0000132,POL-000222,2022-03-12,2022-03-12T09:00:00+00:00,MOBILE,fire,ALE,FL,CLOSED,2022-03-28T12:00:00+00:00,,2022-03-12T10:00:00+00:00
CLM-0000133,2022-0000133,POL-000223,2022-08-28,2022-08-30T09:00:00+00:00,MOBILE,glass,BI,NC,CLOSED,2022-12-03T12:00:00+00:00,,2022-08-30T10:00:00+00:00
CLM-0000134,2024-0000134,POL-000224,2024-03-26,2024-04-02T09:00:00+00:00,AGENT,weather,COMPREHENSIVE,GA,OPEN,,,2024-04-02T10:00:00+00:00
CLM-0000135,2023-0000135,POL-000228,2023-05-13,2023-05-18T09:00:00+00:00,PHONE,wind,DWELLING,FL,OPEN,,,2023-05-18T10:00:00+00:00
CLM-0000136,2023-0000136,POL-000232,2023-09-06,2023-09-12T09:00:00+00:00,AGENT,glass,COMPREHENSIVE,NC,CLOSED,2024-01-21T12:00:00+00:00,,2023-09-12T10:00:00+00:00
CLM-0000137,2024-0000137,POL-000232,2024-02-26,2024-02-28T09:00:00+00:00,PHONE,theft,BI,NC,CLOSED,2024-08-10T12:00:00+00:00,,2024-02-28T10:00:00+00:00
CLM-0000138,2023-0000138,POL-000234,2023-10-14,2023-10-19T09:00:00+00:00,WEB,fire,ALE,GA,CLOSED,2024-01-05T12:00:00+00:00,,2023-10-19T10:00:00+00:00
CLM-0000139,2023-0000139,POL-000235,2023-05-03,2023-05-09T09:00:00+00:00,AGENT,glass,BI,FL,OPEN,,,2023-05-09T10:00:00+00:00
CLM-0000140,2023-0000140,POL-000237,2023-02-24,2023-02-25T09:00:00+00:00,MOBILE,water,DWELLING,NC,OPEN,,,2023-02-25T10:00:00+00:00
CLM-0000141,2023-0000141,POL-000241,2023-07-27,2023-07-27T09:00:00+00:00,WEB,weather,PD,GA,CLOSED,2023-10-18T12:00:00+00:00,,2023-07-27T10:00:00+00:00
CLM-0000142,2024-0000142,POL-000242,2024-03-30,2024-04-05T09:00:00+00:00,PHONE,theft,BI,GA,CLOSED,2024-08-28T12:00:00+00:00,,2024-04-05T10:00:00+00:00
CLM-0000143,2022-0000143,POL-000243,2022-09-06,2022-09-09T09:00:00+00:00,AGENT,wind,LIABILITY,FL,OPEN,,,2022-09-09T10:00:00+00:00
CLM-0000144,2022-0000144,POL-000244,2022-11-28,2022-11-29T09:00:00+00:00,WEB,collision,COMPREHENSIVE,NC,CLOSED,2022-12-31T12:00:00+00:00,,2022-11-29T10:00:00+00:00
CLM-0000145,2022-0000145,POL-000245,2022-08-25,2022-08-29T09:00:00+00:00,AGENT,collision,BI,SC,CLOSED,2022-11-30T12:00:00+00:00,,2022-08-29T10:00:00+00:00
CLM-0000146,2024-0000146,POL-000246,2024-06-18,2024-06-25T09:00:00+00:00,MOBILE,fire,ALE,GA,CLOSED,2024-12-12T12:00:00+00:00,,2024-06-25T10:00:00+00:00
CLM-0000147,2023-0000147,POL-000247,2023-02-20,2023-02-26T09:00:00+00:00,MOBILE,weather,PD,SC,CLOSED,2023-04-22T12:00:00+00:00,,2023-02-26T10:00:00+00:00
CLM-0000148,2022-0000148,POL-000249,2022-08-12,2022-08-15T09:00:00+00:00,MOBILE,water,ALE,GA,OPEN,,,2022-08-15T10:00:00+00:00
CLM-0000149,2023-0000149,POL-000250,2023-09-07,2023-09-12T09:00:00+00:00,AGENT,collision,BI,FL,CLOSED,2023-12-10T12:00:00+00:00,,2023-09-12T10:00:00+00:00
CLM-0000150,2023-0000150,POL-000250,2023-01-05,2023-01-11T09:00:00+00:00,PHONE,collision,PD,FL,OPEN,,,2023-01-11T10:00:00+00:00
