status_event_id,claim_id,status,status_effective_at,recorded_at
CLM-0000001-S01,CLM-0000001,REPORTED,2023-07-25T09:00:00+00:00,2023-07-25T10:00:00+00:00
CLM-0000001-S02,CLM-0000001,OPEN,2023-07-25T11:00:00+00:00,2023-07-25T11:00:00+00:00
CLM-0000001-S03,CLM-0000001,CLOSED,2023-12-31T12:00:00+00:00,2023-12-31T12:00:00+00:00
CLM-0000002-S01,CLM-0000002,REPORTED,2024-07-10T09:00:00+00:00,2024-07-10T10:00:00+00:00
CLM-0000002-S02,CLM-0000002,OPEN,2024-07-10T11:00:00+00:00,2024-07-10T11:00:00+00:00
CLM-0000002-S03,CLM-0000002,CLOSED,2024-10-16T12:00:00+00:00,2024-10-16T12:00:00+00:00
CLM-0000003-S01,CLM-0000003,REPORTED,2024-01-21T09:00:00+00:00,2024-01-21T10:00:00+00:00
CLM-0000003-S02,CLM-0000003,OPEN,2024-01-21T11:00:00+00:00,2024-01-21T11:00:00+00:00
CLM-0000003-S03,CLM-0000003,CLOSED,2024-07-09T12:00:00+00:00,2024-07-09T12:00:00+00:00
CLM-0000004-S01,CLM-0000004,REPORTED,2023-09-12T09:00:00+00:00,2023-09-12T10:00:00+00:00
CLM-0000004-S02,CLM-0000004,OPEN,2023-09-12T11:00:00+00:00,2023-09-12T11:00:00+00:00
CLM-0000004-S03,CLM-0000004,CLOSED,2023-11-12T12:00:00+00:00,2023-11-12T12:00:00+00:00
CLM-0000004-S04,CLM-0000004,REOPENED,2023-11-30T12:00:00+00:00,2023-12-09T12:00:00+00:00
CLM-0000005-S01,CLM-0000005,REPORTED,2024-02-15T09:00:00+00:00,2024-02-15T10:00:00+00:00
CLM-0000005-S02,CLM-0000005,OPEN,2024-02-15T11:00:00+00:00,2024-02-15T11:00:00+00:00
CLM-0000005-S03,CLM-0000005,CLOSED,2024-05-12T12:00:00+00:00,2024-05-12T12:00:00+00:00
CLM-0000006-S01,CLM-0000006,REPORTED,2023-08-22T09:00:00+00:00,2023-08-22T10:00:00+00:00
CLM-0000006-S02,CLM-0000006,OPEN,2023-08-22T11:00:00+00:00,2023-08-22T11:00:00+00:00
CLM-0000006-S03,CLM-0000006,CLOSED,2024-01-16T12:00:00+00:00,2024-01-16T12:00:00+00:00
CLM-0000007-S01,CLM-0000007,REPORTED,2023-11-26T09:00:00+00:00,2023-11-26T10:00:00+00:00
CLM-0000007-S02,CLM-0000007,OPEN,2023-11-26T11:00:00+00:00,2023-11-26T11:00:00+00:00
CLM-0000008-S01,CLM-0000008,REPORTED,2024-01-03T09:00:00+00:00,2024-01-03T10:00:00+00:00
CLM-0000008-S02,CLM-0000008,OPEN,2024-01-03T11:00:00+00:00,2024-01-03T11:00:00+00:00
CLM-0000009-S01,CLM-0000009,REPORTED,2023-08-22T09:00:00+00:00,2023-08-22T10:00:00+00:00
CLM-0000009-S02,CLM-0000009,OPEN,2023-08-22T11:00:00+00:00,2023-08-22T11:00:00+00:00
CLM-0000009-S03,CLM-0000009,CLOSED,2023-11-26T12:00:00+00:00,2023-11-26T12:00:00+00:00
CLM-0000010-S01,CLM-0000010,REPORTED,2023-08-24T09:00:00+00:00,2023-08-24T10:00:00+00:00
CLM-0000010-S02,CLM-0000010,OPEN,2023-08-24T11:00:00+00:00,2023-08-24T11:00:00+00:00
CLM-0000010-S03,CLM-0000010,CLOSED,2023-11-13T12:00:00+00:00,2023-11-13T12:00:00+00:00
CLM-0000011-S01,CLM-0000011,REPORTED,2023-06-01T09:00:00+00:00,2023-06-01T10:00:00+00:00
CLM-0000011-S02,CLM-0000011,OPEN,2023-06-01T11:00:00+00:00,2023-06-01T11:00:00+00:00
CLM-0000011-S03,CLM-0000011,CLOSED,2023-07-18T12:00:00+00:00,2023-07-18T12:00:00+00:00
CLM-0000012-S01,CLM-0000012,REPORTED,2023-04-12T09:00:00+00:00,2023-04-12T10:00:00+00:00
CLM-0000012-S02,CLM-0000012,OPEN,2023-04-12T11:00:00+00:00,2023-04-12T11:00:00+00:00
CLM-0000012-S03,CLM-0000012,CLOSED,2023-09-18T12:00:00+00:00,2023-09-18T12:00:00+00:00
CLM-0000013-S01,CLM-0000013,REPORTED,2023-11-29T09:00:00+00:00,2023-11-29T10:00:00+00:00
CLM-0000013-S02,CLM-0000013,OPEN,2023-11-29T11:00:00+00:00,2023-11-29T11:00:00+00:00
CLM-0000013-S03,CLM-0000013,CLOSED,2024-01-13T12:00:00+00:00,2024-01-13T12:00:00+00:00
CLM-0000014-S01,CLM-0000014,REPORTED,2023-08-06T09:00:00+00:00,2023-08-06T10:00:00+00:00
CLM-0000014-S02,CLM-0000014,OPEN,2023-08-06T11:00:00+00:00,2023-08-06T11:00:00+00:00
CLM-0000014-S03,CLM-0000014,CLOSED,2023-09-20T12:00:00+00:00,2023-09-20T12:00:00+00:00
CLM-0000015-S01,CLM-0000015,REPORTED,2024-02-27T09:00:00+00:00,2024-02-27T10:00:00+00:00
CLM-0000015-S02,CLM-0000015,OPEN,2024-02-27T11:00:00+00:00,2024-02-27T11:00:00+00:00
CLM-0000015-S03,CLM-0000015,CLOSED,2024-04-02T12:00:00+00:00,2024-04-02T12:00:00+00:00
CLM-0000016-S01,CLM-0000016,REPORTED,2023-11-24T09:00:00+00:00,2023-11-24T10:00:00+00:00
CLM-0000016-S02,CLM-0000016,OPEN,2023-11-24T11:00:00+00:00,2023-11-24T11:00:00+00:00
CLM-0000016-S03,CLM-0000016,CLOSED,2024-01-18T12:00:00+00:00,2024-01-18T12:00:00+00:00
CLM-0000017-S01,CLM-0000017,REPORTED,2024-06-06T09:00:00+00:00,2024-06-06T10:00:00+00:00
CLM-0000017-S02,CLM-0000017,OPEN,2024-06-06T11:00:00+00:00,2024-06-06T11:00:00+00:00
CLM-0000017-S03,CLM-0000017,CLOSED,2024-10-25T12:00:00+00:00,2024-10-25T12:00:00+00:00
CLM-0000018-S01,CLM-0000018,REPORTED,2023-06-18T09:00:00+00:00,2023-06-18T10:00:00+00:00
CLM-0000018-S02,CLM-0000018,OPEN,2023-06-18T11:00:00+00:00,2023-06-18T11:00:00+00:00
CLM-0000018-S03,CLM-0000018,CLOSED,2023-07-31T12:00:00+00:00,2023-07-31T12:00:00+00:00
CLM-0000019-S01,CLM-0000019,REPORTED,2023-05-18T09:00:00+00:00,2023-05-18T10:00:00+00:00
CLM-0000019-S02,CLM-0000019,OPEN,2023-05-18T11:00:00+00:00,2023-05-18T11:00:00+00:00
CLM-0000019-S03,CLM-0000019,CLOSED,2023-08-07T12:00:00+00:00,2023-08-07T12:00:00+00:00
CLM-0000020-S01,CLM-0000020,REPORTED,2024-09-27T09:00:00+00:00,2024-09-27T10:00:00+00:00
CLM-0000020-S02,CLM-0000020,OPEN,2024-09-27T11:00:00+00:00,2024-09-27T11:00:00+00:00
CLM-0000020-S03,CLM-0000020,CLOSED,2024-12-01T12:00:00+00:00,2024-12-01T12:00:00+00:00
CLM-0000021-S01,CLM-0000021,REPORTED,2023-01-20T09:00:00+00:00,2023-01-20T10:00:00+00:00
CLM-0000021-S02,CLM-0000021,OPEN,2023-01-20T11:00:00+00:00,2023-01-20T11:00:00+00:00
CLM-0000022-S01,CLM-0000022,REPORTED,2022-04-01T09:00:00+00:00,2022-04-01T10:00:00+00:00
CLM-0000022-S02,CLM-0000022,OPEN,2022-04-01T11:00:00+00:00,2022-04-01T11:00:00+00:00
CLM-0000022-S03,CLM-0000022,CLOSED,2022-04-27T12:00:00+00:00,2022-04-27T12:00:00+00:00
CLM-0000023-S01,CLM-0000023,REPORTED,2023-02-18T09:00:00+00:00,2023-02-18T10:00:00+00:00
CLM-0000023-S02,CLM-0000023,OPEN,2023-02-18T11:00:00+00:00,2023-02-18T11:00:00+00:00
CLM-0000023-S03,CLM-0000023,CLOSED,2023-03-26T12:00:00+00:00,2023-03-26T12:00:00+00:00
CLM-0000024-S01,CLM-0000024,REPORTED,2022-12-20T09:00:00+00:00,2022-12-20T10:00:00+00:00
CLM-0000024-S02,CLM-0000024,OPEN,2022-12-20T11:00:00+00:00,2022-12-20T11:00:00+00:00
CLM-0000024-S03,CLM-0000024,CLOSED,2023-04-20T12:00:00+00:00,2023-04-20T12:00:00+00:00
CLM-0000025-S01,CLM-0000025,REPORTED,2023-09-05T09:00:00+00:00,2023-09-05T10:00:00+00:00
CLM-0000025-S02,CLM-0000025,OPEN,2023-09-05T11:00:00+00:00,2023-09-05T11:00:00+00:00
CLM-0000025-S03,CLM-0000025,CLOSED,2024-01-02T12:00:00+00:00,2024-01-02T12:00:00+00:00
CLM-0000026-S01,CLM-0000026,REPORTED,2023-11-28T09:00:00+00:00,2023-11-28T10:00:00+00:00
CLM-0000026-S02,CLM-0000026,OPEN,2023-11-28T11:00:00+00:00,2023-11-28T11:00:00+00:00
CLM-0000027-S01,CLM-0000027,REPORTED,2022-06-09T09:00:00+00:00,2022-06-09T10:00:00+00:00
CLM-0000027-S02,CLM-0000027,OPEN,2022-06-09T11:00:00+00:00,2022-06-09T11:00:00+00:00
CLM-0000028-S01,CLM-0000028,REPORTED,2024-04-09T09:00:00+00:00,2024-04-09T10:00:00+00:00
CLM-0000028-S02,CLM-0000028,OPEN,2024-04-09T11:00:00+00:00,2024-04-09T11:00:00+00:00
CLM-0000028-S03,CLM-0000028,CLOSED,2024-09-07T12:00:00+00:00,2024-09-07T12:00:00+00:00
CLM-0000029-S01,CLM-0000029,REPORTED,2022-11-08T09:00:00+00:00,2022-11-08T10:00:00+00:00
CLM-0000029-S02,CLM-0000029,OPEN,2022-11-08T11:00:00+00:00,2022-11-08T11:00:00+00:00
CLM-0000029-S03,CLM-0000029,CLOSED,2023-02-08T12:00:00+00:00,2023-02-08T12:00:00+00:00
CLM-0000029-S04,CLM-0000029,REOPENED,2023-03-09T12:00:00+00:00,2023-03-18T12:00:00+00:00
CLM-0000030-S01,CLM-0000030,REPORTED,2023-11-06T09:00:00+00:00,2023-11-06T10:00:00+00:00
CLM-0000030-S02,CLM-0000030,OPEN,2023-11-06T11:00:00+00:00,2023-11-06T11:00:00+00:00
CLM-0000030-S03,CLM-0000030,CLOSED,2024-02-22T12:00:00+00:00,2024-02-22T12:00:00+00:00
CLM-0000031-S01,CLM-0000031,REPORTED,2022-11-12T09:00:00+00:00,2022-11-12T10:00:00+00:00
CLM-0000031-S02,CLM-0000031,OPEN,2022-11-12T11:00:00+00:00,2022-11-12T11:00:00+00:00
CLM-0000031-S03,CLM-0000031,CLOSED,2023-02-01T12:00:00+00:00,2023-02-01T12:00:00+00:00
CLM-0000032-S01,CLM-0000032,REPORTED,2023-03-09T09:00:00+00:00,2023-03-09T10:00:00+00:00
CLM-0000032-S02,CLM-0000032,OPEN,2023-03-09T11:00:00+00:00,2023-03-09T11:00:00+00:00
CLM-0000033-S01,CLM-0000033,REPORTED,2023-11-26T09:00:00+00:00,2023-11-26T10:00:00+00:00
CLM-0000033-S02,CLM-0000033,OPEN,2023-11-26T11:00:00+00:00,2023-11-26T11:00:00+00:00
CLM-0000033-S03,CLM-0000033,CLOSED,2024-04-27T12:00:00+00:00,2024-04-27T12:00:00+00:00
CLM-0000034-S01,CLM-0000034,REPORTED,2023-07-20T09:00:00+00:00,2023-07-20T10:00:00+00:00
CLM-0000034-S02,CLM-0000034,OPEN,2023-07-20T11:00:00+00:00,2023-07-20T11:00:00+00:00
CLM-0000035-S01,CLM-0000035,REPORTED,2024-04-20T09:00:00+00:00,2024-04-20T10:00:00+00:00
CLM-0000035-S02,CLM-0000035,OPEN,2024-04-20T11:00:00+00:00,2024-04-20T11:00:00+00:00
CLM-0000035-S03,CLM-0000035,CLOSED,2024-09-13T12:00:00+00:00,2024-09-13T12:00:00+00:00
CLM-0000036-S01,CLM-0000036,REPORTED,2023-06-05T09:00:00+00:00,2023-06-05T10:00:00+00:00
CLM-0000036-S02,CLM-0000036,OPEN,2023-06-05T11:00:00+00:00,2023-06-05T11:00:00+00:00
CLM-0000037-S01,CLM-0000037,REPORTED,2023-03-23T09:00:00+00:00,2023-03-23T10:00:00+00:00
CLM-0000037-S02,CLM-0000037,OPEN,2023-03-23T11:00:00+00:00,2023-03-23T11:00:00+00:00
CLM-0000038-S01,CLM-0000038,REPORTED,2024-03-15T09:00:00+00:00,2024-03-15T10:00:00+00:00
CLM-0000038-S02,CLM-0000038,OPEN,2024-03-15T11:00:00+00:00,2024-03-15T11:00:00+00:00
CLM-0000039-S01,CLM-0000039,REPORTED,2024-04-05T09:00:00+00:00,2024-04-05T10:00:00+00:00
CLM-0000039-S02,CLM-0000039,OPEN,2024-04-05T11:00:00+00:00,2024-04-05T11:00:00+00:00
CLM-0000039-S03,CLM-0000039,CLOSED,2024-08-14T12:00:00+00:00,2024-08-14T12:00:00+00:00
CLM-0000040-S01,CLM-0000040,REPORTED,2024-06-05T09:00:00+00:00,2024-06-05T10:00:00+00:00
CLM-0000040-S02,CLM-0000040,OPEN,2024-06-05T11:00:00+00:00,2024-06-05T11:00:00+00:00
CLM-0000040-S03,CLM-0000040,CLOSED,2024-09-19T12:00:00+00:00,2024-09-19T12:00:00+00:00
CLM-0000041-S01,CLM-0000041,REPORTED,2023-01-28T09:00:00+00:00,2023-01-28T10:00:00+00:00
CLM-0000041-S02,CLM-0000041,OPEN,2023-01-28T11:00:00+00:00,2023-01-28T11:00:00+00:00
CLM-0000041-S03,CLM-0000041,CLOSED,2023-03-14T12:00:00+00:00,2023-03-14T12:00:00+00:00
CLM-0000042-S01,CLM-0000042,REPORTED,2022-11-01T09:00:00+00:00,2022-11-01T10:00:00+00:00
CLM-0000042-S02,CLM-0000042,OPEN,2022-11-01T11:00:00+00:00,2022-11-01T11:00:00+00:00
CLM-0000042-S03,CLM-0000042,CLOSED,2023-01-20T12:00:00+00:00,2023-01-20T12:00:00+00:00
CLM-0000043-S01,CLM-0000043,REPORTED,2024-05-27T09:00:00+00:00,2024-05-27T10:00:00+00:00
CLM-0000043-S02,CLM-0000043,OPEN,2024-05-27T11:00:00+00:00,2024-05-27T11:00:00+00:00
CLM-0000043-S03,CLM-0000043,CLOSED,2024-10-20T12:00:00+00:00,2024-10-20T12:00:00+00:00
CLM-0000044-S01,CLM-0000044,REPORTED,2023-05-30T09:00:00+00:00,2023-05-30T10:00:00+00:00
CLM-0000044-S02,CLM-0000044,OPEN,2023-05-30T11:00:00+00:00,2023-05-30T11:00:00+00:00
CLM-0000044-S03,CLM-0000044,CLOSED,2023-09-13T12:00:00+00:00,2023-09-13T12:00:00+00:00
CLM-0000045-S01,CLM-0000045,REPORTED,2023-06-02T09:00:00+00:00,2023-06-02T10:00:00+00:00
CLM-0000045-S02,CLM-0000045,OPEN,2023-06-02T11:00:00+00:00,2023-06-02T11:00:00+00:00
CLM-0000045-S03,CLM-0000045,CLOSED,2023-07-08T12:00:00+00:00,2023-07-08T12:00:00+00:00
CLM-0000046-S01,CLM-0000046,REPORTED,2024-03-23T09:00:00+00:00,2024-03-23T10:00:00+00:00
CLM-0000046-S02,CLM-0000046,OPEN,2024-03-23T11:00:00+00:00,2024-03-23T11:00:00+00:00
CLM-0000046-S03,CLM-0000046,CLOSED,2024-04-18T12:00:00+00:00,2024-04-18T12:00:00+00:00
CLM-0000047-S01,CLM-0000047,REPORTED,2023-12-20T09:00:00+00:00,2023-12-20T10:00:00+00:00
CLM-0000047-S02,CLM-0000047,OPEN,2023-12-20T11:00:00+00:00,2023-12-20T11:00:00+00:00
CLM-0000047-S03,CLM-0000047,CLOSED,2024-05-01T12:00:00+00:00,2024-05-01T12:00:00+00:00
CLM-0000048-S01,CLM-0000048,REPORTED,2023-09-15T09:00:00+00:00,2023-09-15T10:00:00+00:00
CLM-0000048-S02,CLM-0000048,OPEN,2023-09-15T11:00:00+00:00,2023-09-15T11:00:00+00:00
CLM-0000048-S03,CLM-0000048,CLOSED,2024-02-20T12:00:00+00:00,2024-02-20T12:00:00+00:00
CLM-0000049-S01,CLM-0000049,REPORTED,2023-01-20T09:00:00+00:00,2023-01-20T10:00:00+00:00
CLM-0000049-S02,CLM-0000049,OPEN,2023-01-20T11:00:00+00:00,2023-01-20T11:00:00+00:00
CLM-0000049-S03,CLM-0000049,CLOSED,2023-04-11T12:00:00+00:00,2023-04-11T12:00:00+00:00
CLM-0000050-S01,CLM-0000050,REPORTED,2024-01-04T09:00:00+00:00,2024-01-04T10:00:00+00:00
CLM-0000050-S02,CLM-0000050,OPEN,2024-01-04T11:00:00+00:00,2024-01-04T11:00:00+00:00
CLM-0000051-S01,CLM-0000051,REPORTED,2023-06-04T09:00:00+00:00,2023-06-04T10:00:00+00:00
CLM-0000051-S02,CLM-0000051,OPEN,2023-06-04T11:00:00+00:00,2023-06-04T11:00:00+00:00
CLM-0000051-S03,CLM-0000051,CLOSED,2023-06-21T12:00:00+00:00,2023-06-21T12:00:00+00:00
CLM-0000052-S01,CLM-0000052,REPORTED,2023-08-16T09:00:00+00:00,2023-08-16T10:00:00+00:00
CLM-0000052-S02,CLM-0000052,OPEN,2023-08-16T11:00:00+00:00,2023-08-16T11:00:00+00:00
CLM-0000052-S03,CLM-0000052,CLOSED,2023-12-14T12:00:00+00:00,2023-12-14T12:00:00+00:00
CLM-0000053-S01,CLM-0000053,REPORTED,2023-03-05T09:00:00+00:00,2023-03-05T10:00:00+00:00
CLM-0000053-S02,CLM-0000053,OPEN,2023-03-05T11:00:00+00:00,2023-03-05T11:00:00+00:00
CLM-0000053-S03,CLM-0000053,CLOSED,2023-06-19T12:00:00+00:00,2023-06-19T12:00:00+00:00
CLM-0000054-S01,CLM-0000054,REPORTED,2024-05-26T09:00:00+00:00,2024-05-26T10:00:00+00:00
CLM-0000054-S02,CLM-0000054,OPEN,2024-05-26T11:00:00+00:00,2024-05-26T11:00:00+00:00
CLM-0000054-S03,CLM-0000054,CLOSED,2024-10-17T12:00:00+00:00,2024-10-17T12:00:00+00:00
CLM-0000055-S01,CLM-0000055,REPORTED,2023-09-02T09:00:00+00:00,2023-09-02T10:00:00+00:00
CLM-0000055-S02,CLM-0000055,OPEN,2023-09-02T11:00:00+00:00,2023-09-02T11:00:00+00:00
CLM-0000056-S01,CLM-0000056,REPORTED,2022-10-02T09:00:00+00:00,2022-10-02T10:00:00+00:00
CLM-0000056-S02,CLM-0000056,OPEN,2022-10-02T11:00:00+00:00,2022-10-02T11:00:00+00:00
CLM-0000056-S03,CLM-0000056,CLOSED,2023-03-05T12:00:00+00:00,2023-03-05T12:00:00+00:00
CLM-0000057-S01,CLM-0000057,REPORTED,2022-11-03T09:00:00+00:00,2022-11-03T10:00:00+00:00
CLM-0000057-S02,CLM-0000057,OPEN,2022-11-03T11:00:00+00:00,2022-11-03T11:00:00+00:00
CLM-0000057-S03,CLM-0000057,CLOSED,2023-03-09T12:00:00+00:00,2023-03-09T12:00:00+00:00
CLM-0000057-S04,CLM-0000057,REOPENED,2023-04-01T12:00:00+00:00,2023-04-10T12:00:00+00:00
CLM-0000058-S01,CLM-0000058,REPORTED,2024-01-01T09:00:00+00:00,2024-01-01T10:00:00+00:00
CLM-0000058-S02,CLM-0000058,OPEN,2024-01-01T11:00:00+00:00,2024-01-01T11:00:00+00:00
CLM-0000058-S03,CLM-0000058,CLOSED,2024-06-11T12:00:00+00:00,2024-06-11T12:00:00+00:00
CLM-0000059-S01,CLM-0000059,REPORTED,2023-01-16T09:00:00+00:00,2023-01-16T10:00:00+00:00
CLM-0000059-S02,CLM-0000059,OPEN,2023-01-16T11:00:00+00:00,2023-01-16T11:00:00+00:00
CLM-0000059-S03,CLM-0000059,CLOSED,2023-05-09T12:00:00+00:00,2023-05-09T12:00:00+00:00
CLM-0000060-S01,CLM-0000060,REPORTED,2023-09-05T09:00:00+00:00,2023-09-05T10:00:00+00:00
CLM-0000060-S02,CLM-0000060,OPEN,2023-09-05T11:00:00+00:00,2023-09-05T11:00:00+00:00
CLM-0000060-S03,CLM-0000060,CLOSED,2023-10-31T12:00:00+00:00,2023-10-31T12:00:00+00:00
CLM-0000061-S01,CLM-0000061,REPORTED,2023-01-07T09:00:00+00:00,2023-01-07T10:00:00+00:00
CLM-0000061-S02,CLM-0000061,OPEN,2023-01-07T11:00:00+00:00,2023-01-07T11:00:00+00:00
CLM-0000061-S03,CLM-0000061,CLOSED,2023-01-30T12:00:00+00:00,2023-01-30T12:00:00+00:00
CLM-0000062-S01,CLM-0000062,REPORTED,2023-05-02T09:00:00+00:00,2023-05-02T10:00:00+00:00
CLM-0000062-S02,CLM-0000062,OPEN,2023-05-02T11:00:00+00:00,2023-05-02T11:00:00+00:00
CLM-0000063-S01,CLM-0000063,REPORTED,2023-10-01T09:00:00+00:00,2023-10-01T10:00:00+00:00
CLM-0000063-S02,CLM-0000063,OPEN,2023-10-01T11:00:00+00:00,2023-10-01T11:00:00+00:00
CLM-0000063-S03,CLM-0000063,CLOSED,2023-11-12T12:00:00+00:00,2023-11-12T12:00:00+00:00
CLM-0000064-S01,CLM-0000064,REPORTED,2023-01-27T09:00:00+00:00,2023-01-27T10:00:00+00:00
CLM-0000064-S02,CLM-0000064,OPEN,2023-01-27T11:00:00+00:00,2023-01-27T11:00:00+00:00
CLM-0000065-S01,CLM-0000065,REPORTED,2024-08-04T09:00:00+00:00,2024-08-04T10:00:00+00:00
CLM-0000065-S02,CLM-0000065,OPEN,2024-08-04T11:00:00+00:00,2024-08-04T11:00:00+00:00
CLM-0000066-S01,CLM-0000066,REPORTED,2023-06-25T09:00:00+00:00,2023-06-25T10:00:00+00:00
CLM-0000066-S02,CLM-0000066,OPEN,2023-06-25T11:00:00+00:00,2023-06-25T11:00:00+00:00
CLM-0000067-S01,CLM-0000067,REPORTED,2023-10-30T09:00:00+00:00,2023-10-30T10:00:00+00:00
CLM-0000067-S02,CLM-0000067,OPEN,2023-10-30T11:00:00+00:00,2023-10-30T11:00:00+00:00
CLM-0000068-S01,CLM-0000068,REPORTED,2024-10-01T09:00:00+00:00,2024-10-01T10:00:00+00:00
CLM-0000068-S02,CLM-0000068,OPEN,2024-10-01T11:00:00+00:00,2024-10-01T11:00:00+00:00
CLM-0000068-S03,CLM-0000068,CLOSED,2024-12-13T12:00:00+00:00,2024-12-13T12:00:00+00:00
CLM-0000069-S01,CLM-0000069,REPORTED,2024-08-10T09:00:00+00:00,2024-08-10T10:00:00+00:00
CLM-0000069-S02,CLM-0000069,OPEN,2024-08-10T11:00:00+00:00,2024-08-10T11:00:00+00:00
CLM-0000069-S03,CLM-0000069,CLOSED,2024-12-19T12:00:00+00:00,2024-12-19T12:00:00+00:00
CLM-0000070-S01,CLM-0000070,REPORTED,2024-01-22T09:00:00+00:00,2024-01-22T10:00:00+00:00
CLM-0000070-S02,CLM-0000070,OPEN,2024-01-22T11:00:00+00:00,2024-01-22T11:00:00+00:00
CLM-0000071-S01,CLM-0000071,REPORTED,2023-10-24T09:00:00+00:00,2023-10-24T10:00:00+00:00
CLM-0000071-S02,CLM-0000071,OPEN,2023-10-24T11:00:00+00:00,2023-10-24T11:00:00+00:00
CLM-0000072-S01,CLM-0000072,REPORTED,2023-11-29T09:00:00+00:00,2023-11-29T10:00:00+00:00
CLM-0000072-S02,CLM-0000072,OPEN,2023-11-29T11:00:00+00:00,2023-11-29T11:00:00+00:00
CLM-0000072-S03,CLM-0000072,CLOSED,2023-12-20T12:00:00+00:00,2023-12-20T12:00:00+00:00
CLM-0000073-S01,CLM-0000073,REPORTED,2022-11-29T09:00:00+00:00,2022-11-29T10:00:00+00:00
CLM-0000073-S02,CLM-0000073,OPEN,2022-11-29T11:00:00+00:00,2022-11-29T11:00:00+00:00
CLM-0000073-S03,CLM-0000073,CLOSED,2023-01-15T12:00:00+00:00,2023-01-15T12:00:00+00:00
CLM-0000074-S01,CLM-0000074,REPORTED,2023-08-06T09:00:00+00:00,2023-08-06T10:00:00+00:00
CLM-0000074-S02,CLM-0000074,OPEN,2023-08-06T11:00:00+00:00,2023-08-06T11:00:00+00:00
CLM-0000074-S03,CLM-0000074,CLOSED,2023-11-06T12:00:00+00:00,2023-11-06T12:00:00+00:00
CLM-0000075-S01,CLM-0000075,REPORTED,2023-05-09T09:00:00+00:00,2023-05-09T10:00:00+00:00
CLM-0000075-S02,CLM-0000075,OPEN,2023-05-09T11:00:00+00:00,2023-05-09T11:00:00+00:00
CLM-0000075-S03,CLM-0000075,CLOSED,2023-10-17T12:00:00+00:00,2023-10-17T12:00:00+00:00
CLM-0000076-S01,CLM-0000076,REPORTED,2023-05-14T09:00:00+00:00,2023-05-14T10:00:00+00:00
CLM-0000076-S02,CLM-0000076,OPEN,2023-05-14T11:00:00+00:00,2023-05-14T11:00:00+00:00
CLM-0000076-S03,CLM-0000076,CLOSED,2023-05-30T12:00:00+00:00,2023-05-30T12:00:00+00:00
CLM-0000077-S01,CLM-0000077,REPORTED,2023-01-11T09:00:00+00:00,2023-01-11T10:00:00+00:00
CLM-0000077-S02,CLM-0000077,OPEN,2023-01-11T11:00:00+00:00,2023-01-11T11:00:00+00:00
CLM-0000077-S03,CLM-0000077,CLOSED,2023-01-31T12:00:00+00:00,2023-01-31T12:00:00+00:00
CLM-0000078-S01,CLM-0000078,REPORTED,2023-05-10T09:00:00+00:00,2023-05-10T10:00:00+00:00
CLM-0000078-S02,CLM-0000078,OPEN,2023-05-10T11:00:00+00:00,2023-05-10T11:00:00+00:00
CLM-0000078-S03,CLM-0000078,CLOSED,2023-08-23T12:00:00+00:00,2023-08-23T12:00:00+00:00
CLM-0000079-S01,CLM-0000079,REPORTED,2024-04-20T09:00:00+00:00,2024-04-20T10:00:00+00:00
CLM-0000079-S02,CLM-0000079,OPEN,2024-04-20T11:00:00+00:00,2024-04-20T11:00:00+00:00
CLM-0000079-S03,CLM-0000079,CLOSED,2024-07-03T12:00:00+00:00,2024-07-03T12:00:00+00:00
CLM-0000080-S01,CLM-0000080,REPORTED,2023-07-28T09:00:00+00:00,2023-07-28T10:00:00+00:00
CLM-0000080-S02,CLM-0000080,OPEN,2023-07-28T11:00:00+00:00,2023-07-28T11:00:00+00:00
CLM-0000080-S03,CLM-0000080,CLOSED,2023-08-31T12:00:00+00:00,2023-08-31T12:00:00+00:00
CLM-0000080-S04,CLM-0000080,REOPENED,2023-09-27T12:00:00+00:00,2023-10-06T12:00:00+00:00
CLM-0000081-S01,CLM-0000081,REPORTED,2024-07-08T09:00:00+00:00,2024-07-08T10:00:00+00:00
CLM-0000081-S02,CLM-0000081,OPEN,2024-07-08T11:00:00+00:00,2024-07-08T11:00:00+00:00
CLM-0000082-S01,CLM-0000082,REPORTED,2022-04-08T09:00:00+00:00,2022-04-08T10:00:00+00:00
CLM-0000082-S02,CLM-0000082,OPEN,2022-04-08T11:00:00+00:00,2022-04-08T11:00:00+00:00
CLM-0000083-S01,CLM-0000083,REPORTED,2023-10-04T09:00:00+00:00,2023-10-04T10:00:00+00:00
CLM-0000083-S02,CLM-0000083,OPEN,2023-10-04T11:00:00+00:00,2023-10-04T11:00:00+00:00
CLM-0000083-S03,CLM-0000083,CLOSED,2024-01-20T12:00:00+00:00,2024-01-20T12:00:00+00:00
CLM-0000084-S01,CLM-0000084,REPORTED,2022-09-12T09:00:00+00:00,2022-09-12T10:00:00+00:00
CLM-0000084-S02,CLM-0000084,OPEN,2022-09-12T11:00:00+00:00,2022-09-12T11:00:00+00:00
CLM-0000084-S03,CLM-0000084,CLOSED,2022-12-11T12:00:00+00:00,2022-12-11T12:00:00+00:00
CLM-0000085-S01,CLM-0000085,REPORTED,2024-05-28T09:00:00+00:00,2024-05-28T10:00:00+00:00
CLM-0000085-S02,CLM-0000085,OPEN,2024-05-28T11:00:00+00:00,2024-05-28T11:00:00+00:00
CLM-0000085-S03,CLM-0000085,CLOSED,2024-07-31T12:00:00+00:00,2024-07-31T12:00:00+00:00
CLM-0000086-S01,CLM-0000086,REPORTED,2023-10-07T09:00:00+00:00,2023-10-07T10:00:00+00:00
CLM-0000086-S02,CLM-0000086,OPEN,2023-10-07T11:00:00+00:00,2023-10-07T11:00:00+00:00
CLM-0000087-S01,CLM-0000087,REPORTED,2023-10-29T09:00:00+00:00,2023-10-29T10:00:00+00:00
CLM-0000087-S02,CLM-0000087,OPEN,2023-10-29T11:00:00+00:00,2023-10-29T11:00:00+00:00
CLM-0000087-S03,CLM-0000087,CLOSED,2024-02-19T12:00:00+00:00,2024-02-19T12:00:00+00:00
CLM-0000088-S01,CLM-0000088,REPORTED,2022-10-19T09:00:00+00:00,2022-10-19T10:00:00+00:00
CLM-0000088-S02,CLM-0000088,OPEN,2022-10-19T11:00:00+00:00,2022-10-19T11:00:00+00:00
CLM-0000088-S03,CLM-0000088,CLOSED,2022-12-16T12:00:00+00:00,2022-12-16T12:00:00+00:00
CLM-0000089-S01,CLM-0000089,REPORTED,2023-08-27T09:00:00+00:00,2023-08-27T10:00:00+00:00
CLM-0000089-S02,CLM-0000089,OPEN,2023-08-27T11:00:00+00:00,2023-08-27T11:00:00+00:00
CLM-0000089-S03,CLM-0000089,CLOSED,2024-01-15T12:00:00+00:00,2024-01-15T12:00:00+00:00
CLM-0000090-S01,CLM-0000090,REPORTED,2022-09-19T09:00:00+00:00,2022-09-19T10:00:00+00:00
CLM-0000090-S02,CLM-0000090,OPEN,2022-09-19T11:00:00+00:00,2022-09-19T11:00:00+00:00
CLM-0000091-S01,CLM-0000091,REPORTED,2024-07-31T09:00:00+00:00,2024-07-31T10:00:00+00:00
CLM-0000091-S02,CLM-0000091,OPEN,2024-07-31T11:00:00+00:00,2024-07-31T11:00:00+00:00
CLM-0000091-S03,CLM-0000091,CLOSED,2024-10-27T12:00:00+00:00,2024-10-27T12:00:00+00:00
CLM-0000092-S01,CLM-0000092,REPORTED,2024-03-20T09:00:00+00:00,2024-03-20T10:00:00+00:00
CLM-0000092-S02,CLM-0000092,OPEN,2024-03-20T11:00:00+00:00,2024-03-20T11:00:00+00:00
CLM-0000092-S03,CLM-0000092,CLOSED,2024-08-05T12:00:00+00:00,2024-08-05T12:00:00+00:00
CLM-0000093-S01,CLM-0000093,REPORTED,2022-11-11T09:00:00+00:00,2022-11-11T10:00:00+00:00
CLM-0000093-S02,CLM-0000093,OPEN,2022-11-11T11:00:00+00:00,2022-11-11T11:00:00+00:00
CLM-0000093-S03,CLM-0000093,CLOSED,2023-01-04T12:00:00+00:00,2023-01-04T12:00:00+00:00
CLM-0000094-S01,CLM-0000094,REPORTED,2022-07-05T09:00:00+00:00,2022-07-05T10:00:00+00:00
CLM-0000094-S02,CLM-0000094,OPEN,2022-07-05T11:00:00+00:00,2022-07-05T11:00:00+00:00
CLM-0000094-S03,CLM-0000094,CLOSED,2022-08-29T12:00:00+00:00,2022-08-29T12:00:00+00:00
CLM-0000095-S01,CLM-0000095,REPORTED,2023-06-14T09:00:00+00:00,2023-06-14T10:00:00+00:00
CLM-0000095-S02,CLM-0000095,OPEN,2023-06-14T11:00:00+00:00,2023-06-14T11:00:00+00:00
CLM-0000095-S03,CLM-0000095,CLOSED,2023-10-09T12:00:00+00:00,2023-10-09T12:00:00+00:00
CLM-0000095-S04,CLM-0000095,REOPENED,2023-10-20T12:00:00+00:00,2023-10-29T12:00:00+00:00
CLM-0000096-S01,CLM-0000096,REPORTED,2023-03-20T09:00:00+00:00,2023-03-20T10:00:00+00:00
CLM-0000096-S02,CLM-0000096,OPEN,2023-03-20T11:00:00+00:00,2023-03-20T11:00:00+00:00
CLM-0000097-S01,CLM-0000097,REPORTED,2023-05-09T09:00:00+00:00,2023-05-09T10:00:00+00:00
CLM-0000097-S02,CLM-0000097,OPEN,2023-05-09T11:00:00+00:00,2023-05-09T11:00:00+00:00
CLM-0000097-S03,CLM-0000097,CLOSED,2023-09-01T12:00:00+00:00,2023-09-01T12:00:00+00:00
CLM-0000097-S04,CLM-0000097,REOPENED,2023-10-11T12:00:00+00:00,2023-10-20T12:00:00+00:00
CLM-0000098-S01,CLM-0000098,REPORTED,2022-09-20T09:00:00+00:00,2022-09-20T10:00:00+00:00
CLM-0000098-S02,CLM-0000098,OPEN,2022-09-20T11:00:00+00:00,2022-09-20T11:00:00+00:00
CLM-0000098-S03,CLM-0000098,CLOSED,2022-10-29T12:00:00+00:00,2022-10-29T12:00:00+00:00
CLM-0000099-S01,CLM-0000099,REPORTED,2023-05-29T09:00:00+00:00,2023-05-29T10:00:00+00:00
CLM-0000099-S02,CLM-0000099,OPEN,2023-05-29T11:00:00+00:00,2023-05-29T11:00:00+00:00
CLM-0000099-S03,CLM-0000099,CLOSED,2023-07-19T12:00:00+00:00,2023-07-19T12:00:00+00:00
CLM-0000100-S01,CLM-0000100,REPORTED,2022-12-01T09:00:00+00:00,2022-12-01T10:00:00+00:00
CLM-0000100-S02,CLM-0000100,OPEN,2022-12-01T11:00:00+00:00,2022-12-01T11:00:00+00:00
CLM-0000100-S03,CLM-0000100,CLOSED,2023-02-24T12:00:00+00:00,2023-02-24T12:00:00+00:00
CLM-0000101-S01,CLM-0000101,REPORTED,2022-03-20T09:00:00+00:00,2022-03-20T10:00:00+00:00
CLM-0000101-S02,CLM-0000101,OPEN,2022-03-20T11:00:00+00:00,2022-03-20T11:00:00+00:00
CLM-0000101-S03,CLM-0000101,CLOSED,2022-06-11T12:00:00+00:00,2022-06-11T12:00:00+00:00
CLM-0000102-S01,CLM-0000102,REPORTED,2022-12-11T09:00:00+00:00,2022-12-11T10:00:00+00:00
CLM-0000102-S02,CLM-0000102,OPEN,2022-12-11T11:00:00+00:00,2022-12-11T11:00:00+00:00
CLM-0000103-S01,CLM-0000103,REPORTED,2023-09-29T09:00:00+00:00,2023-09-29T10:00:00+00:00
CLM-0000103-S02,CLM-0000103,OPEN,2023-09-29T11:00:00+00:00,2023-09-29T11:00:00+00:00
CLM-0000103-S03,CLM-0000103,CLOSED,2023-11-05T12:00:00+00:00,2023-11-05T12:00:00+00:00
CLM-0000104-S01,CLM-0000104,REPORTED,2022-05-10T09:00:00+00:00,2022-05-10T10:00:00+00:00
CLM-0000104-S02,CLM-0000104,OPEN,2022-05-10T11:00:00+00:00,2022-05-10T11:00:00+00:00
CLM-0000104-S03,CLM-0000104,CLOSED,2022-08-12T12:00:00+00:00,2022-08-12T12:00:00+00:00
CLM-0000105-S01,CLM-0000105,REPORTED,2022-03-01T09:00:00+00:00,2022-03-01T10:00:00+00:00
CLM-0000105-S02,CLM-0000105,OPEN,2022-03-01T11:00:00+00:00,2022-03-01T11:00:00+00:00
CLM-0000105-S03,CLM-0000105,CLOSED,2022-05-11T12:00:00+00:00,2022-05-11T12:00:00+00:00
CLM-0000106-S01,CLM-0000106,REPORTED,2023-01-03T09:00:00+00:00,2023-01-03T10:00:00+00:00
CLM-0000106-S02,CLM-0000106,OPEN,2023-01-03T11:00:00+00:00,2023-01-03T11:00:00+00:00
CLM-0000106-S03,CLM-0000106,CLOSED,2023-06-28T12:00:00+00:00,2023-06-28T12:00:00+00:00
CLM-0000107-S01,CLM-0000107,REPORTED,2024-02-01T09:00:00+00:00,2024-02-01T10:00:00+00:00
CLM-0000107-S02,CLM-0000107,OPEN,2024-02-01T11:00:00+00:00,2024-02-01T11:00:00+00:00
CLM-0000107-S03,CLM-0000107,CLOSED,2024-07-07T12:00:00+00:00,2024-07-07T12:00:00+00:00
CLM-0000108-S01,CLM-0000108,REPORTED,2024-09-25T09:00:00+00:00,2024-09-25T10:00:00+00:00
CLM-0000108-S02,CLM-0000108,OPEN,2024-09-25T11:00:00+00:00,2024-09-25T11:00:00+00:00
CLM-0000108-S03,CLM-0000108,CLOSED,2024-11-05T12:00:00+00:00,2024-11-05T12:00:00+00:00
CLM-0000109-S01,CLM-0000109,REPORTED,2023-06-19T09:00:00+00:00,2023-06-19T10:00:00+00:00
CLM-0000109-S02,CLM-0000109,OPEN,2023-06-19T11:00:00+00:00,2023-06-19T11:00:00+00:00
CLM-0000110-S01,CLM-0000110,REPORTED,2024-01-05T09:00:00+00:00,2024-01-05T10:00:00+00:00
CLM-0000110-S02,CLM-0000110,OPEN,2024-01-05T11:00:00+00:00,2024-01-05T11:00:00+00:00
CLM-0000111-S01,CLM-0000111,REPORTED,2022-12-13T09:00:00+00:00,2022-12-13T10:00:00+00:00
CLM-0000111-S02,CLM-0000111,OPEN,2022-12-13T11:00:00+00:00,2022-12-13T11:00:00+00:00
CLM-0000111-S03,CLM-0000111,CLOSED,2023-06-07T12:00:00+00:00,2023-06-07T12:00:00+00:00
CLM-0000112-S01,CLM-0000112,REPORTED,2022-08-30T09:00:00+00:00,2022-08-30T10:00:00+00:00
CLM-0000112-S02,CLM-0000112,OPEN,2022-08-30T11:00:00+00:00,2022-08-30T11:00:00+00:00
CLM-0000112-S03,CLM-0000112,CLOSED,2023-02-24T12:00:00+00:00,2023-02-24T12:00:00+00:00
CLM-0000113-S01,CLM-0000113,REPORTED,2023-10-15T09:00:00+00:00,2023-10-15T10:00:00+00:00
CLM-0000113-S02,CLM-0000113,OPEN,2023-10-15T11:00:00+00:00,2023-10-15T11:00:00+00:00
CLM-0000114-S01,CLM-0000114,REPORTED,2023-05-20T09:00:00+00:00,2023-05-20T10:00:00+00:00
CLM-0000114-S02,CLM-0000114,OPEN,2023-05-20T11:00:00+00:00,2023-05-20T11:00:00+00:00
CLM-0000114-S03,CLM-0000114,CLOSED,2023-07-16T12:00:00+00:00,2023-07-16T12:00:00+00:00
CLM-0000115-S01,CLM-0000115,REPORTED,2022-09-25T09:00:00+00:00,2022-09-25T10:00:00+00:00
CLM-0000115-S02,CLM-0000115,OPEN,2022-09-25T11:00:00+00:00,2022-09-25T11:00:00+00:00
CLM-0000116-S01,CLM-0000116,REPORTED,2022-08-28T09:00:00+00:00,2022-08-28T10:00:00+00:00
CLM-0000116-S02,CLM-0000116,OPEN,2022-08-28T11:00:00+00:00,2022-08-28T11:00:00+00:00
CLM-0000116-S03,CLM-0000116,CLOSED,2022-11-25T12:00:00+00:00,2022-11-25T12:00:00+00:00
CLM-0000117-S01,CLM-0000117,REPORTED,2023-07-17T09:00:00+00:00,2023-07-17T10:00:00+00:00
CLM-0000117-S02,CLM-0000117,OPEN,2023-07-17T11:00:00+00:00,2023-07-17T11:00:00+00:00
CLM-0000118-S01,CLM-0000118,REPORTED,2024-02-27T09:00:00+00:00,2024-02-27T10:00:00+00:00
CLM-0000118-S02,CLM-0000118,OPEN,2024-02-27T11:00:00+00:00,2024-02-27T11:00:00+00:00
CLM-0000118-S03,CLM-0000118,CLOSED,2024-04-22T12:00:00+00:00,2024-04-22T12:00:00+00:00
CLM-0000119-S01,CLM-0000119,REPORTED,2024-04-14T09:00:00+00:00,2024-04-14T10:00:00+00:00
CLM-0000119-S02,CLM-0000119,OPEN,2024-04-14T11:00:00+00:00,2024-04-14T11:00:00+00:00
CLM-0000119-S03,CLM-0000119,CLOSED,2024-08-25T12:00:00+00:00,2024-08-25T12:00:00+00:00
CLM-0000120-S01,CLM-0000120,REPORTED,2024-06-03T09:00:00+00:00,2024-06-03T10:00:00+00:00
CLM-0000120-S02,CLM-0000120,OPEN,2024-06-03T11:00:00+00:00,2024-06-03T11:00:00+00:00
CLM-0000120-S03,CLM-0000120,CLOSED,2024-11-18T12:00:00+00:00,2024-11-18T12:00:00+00:00
CLM-0000121-S01,CLM-0000121,REPORTED,2023-01-04T09:00:00+00:00,2023-01-04T10:00:00+00:00
CLM-0000121-S02,CLM-0000121,OPEN,2023-01-04T11:00:00+00:00,2023-01-04T11:00:00+00:00
CLM-0000121-S03,CLM-0000121,CLOSED,2023-07-03T12:00:00+00:00,2023-07-03T12:00:00+00:00
CLM-0000122-S01,CLM-0000122,REPORTED,2023-11-02T09:00:00+00:00,2023-11-02T10:00:00+00:00
CLM-0000122-S02,CLM-0000122,OPEN,2023-11-02T11:00:00+00:00,2023-11-02T11:00:00+00:00
CLM-0000123-S01,CLM-0000123,REPORTED,2023-03-02T09:00:00+00:00,2023-03-02T10:00:00+00:00
CLM-0000123-S02,CLM-0000123,OPEN,2023-03-02T11:00:00+00:00,2023-03-02T11:00:00+00:00
CLM-0000124-S01,CLM-0000124,REPORTED,2023-03-05T09:00:00+00:00,2023-03-05T10:00:00+00:00
CLM-0000124-S02,CLM-0000124,OPEN,2023-03-05T11:00:00+00:00,2023-03-05T11:00:00+00:00
CLM-0000124-S03,CLM-0000124,CLOSED,2023-07-12T12:00:00+00:00,2023-07-12T12:00:00+00:00
CLM-0000125-S01,CLM-0000125,REPORTED,2022-10-16T09:00:00+00:00,2022-10-16T10:00:00+00:00
CLM-0000125-S02,CLM-0000125,OPEN,2022-10-16T11:00:00+00:00,2022-10-16T11:00:00+00:00
CLM-0000125-S03,CLM-0000125,CLOSED,2022-11-03T12:00:00+00:00,2022-11-03T12:00:00+00:00
CLM-0000126-S01,CLM-0000126,REPORTED,2023-02-14T09:00:00+00:00,2023-02-14T10:00:00+00:00
CLM-0000126-S02,CLM-0000126,OPEN,2023-02-14T11:00:00+00:00,2023-02-14T11:00:00+00:00
CLM-0000126-S03,CLM-0000126,CLOSED,2023-04-12T12:00:00+00:00,2023-04-12T12:00:00+00:00
CLM-0000127-S01,CLM-0000127,REPORTED,2022-12-29T09:00:00+00:00,2022-12-29T10:00:00+00:00
CLM-0000127-S02,CLM-0000127,OPEN,2022-12-29T11:00:00+00:00,2022-12-29T11:00:00+00:00
CLM-0000128-S01,CLM-0000128,REPORTED,2024-01-07T09:00:00+00:00,2024-01-07T10:00:00+00:00
CLM-0000128-S02,CLM-0000128,OPEN,2024-01-07T11:00:00+00:00,2024-01-07T11:00:00+00:00
CLM-0000129-S01,CLM-0000129,REPORTED,2024-06-27T09:00:00+00:00,2024-06-27T10:00:00+00:00
CLM-0000129-S02,CLM-0000129,OPEN,2024-06-27T11:00:00+00:00,2024-06-27T11:00:00+00:00
CLM-0000129-S03,CLM-0000129,CLOSED,2024-09-06T12:00:00+00:00,2024-09-06T12:00:00+00:00
CLM-0000130-S01,CLM-0000130,REPORTED,2022-09-10T09:00:00+00:00,2022-09-10T10:00:00+00:00
CLM-0000130-S02,CLM-0000130,OPEN,2022-09-10T11:00:00+00:00,2022-09-10T11:00:00+00:00
CLM-0000130-S03,CLM-0000130,CLOSED,2022-12-05T12:00:00+00:00,2022-12-05T12:00:00+00:00
CLM-0000131-S01,CLM-0000131,REPORTED,2023-02-22T09:00:00+00:00,2023-02-22T10:00:00+00:00
CLM-0000131-S02,CLM-0000131,OPEN,2023-02-22T11:00:00+00:00,2023-02-22T11:00:00+00:00
CLM-0000132-S01,CLM-0000132,REPORTED,2022-03-12T09:00:00+00:00,2022-03-12T10:00:00+00:00
CLM-0000132-S02,CLM-0000132,OPEN,2022-03-12T11:00:00+00:00,2022-03-12T11:00:00+00:00
CLM-0000132-S03,CLM-0000132,CLOSED,2022-03-28T12:00:00+00:00,2022-03-28T12:00:00+00:00
CLM-0000133-S01,CLM-0000133,REPORTED,2022-08-30T09:00:00+00:00,2022-08-30T10:00:00+00:00
CLM-0000133-S02,CLM-0000133,OPEN,2022-08-30T11:00:00+00:00,2022-08-30T11:00:00+00:00
CLM-0000133-S03,CLM-0000133,CLOSED,2022-12-03T12:00:00+00:00,2022-12-03T12:00:00+00:00
CLM-0000134-S01,CLM-0000134,REPORTED,2024-04-02T09:00:00+00:00,2024-04-02T10:00:00+00:00
CLM-0000134-S02,CLM-0000134,OPEN,2024-04-02T11:00:00+00:00,2024-04-02T11:00:00+00:00
CLM-0000135-S01,CLM-0000135,REPORTED,2023-05-18T09:00:00+00:00,2023-05-18T10:00:00+00:00
CLM-0000135-S02,CLM-0000135,OPEN,2023-05-18T11:00:00+00:00,2023-05-18T11:00:00+00:00
CLM-0000136-S01,CLM-0000136,REPORTED,2023-09-12T09:00:00+00:00,2023-09-12T10:00:00+00:00
CLM-0000136-S02,CLM-0000136,OPEN,2023-09-12T11:00:00+00:00,2023-09-12T11:00:00+00:00
CLM-0000136-S03,CLM-0000136,CLOSED,2024-01-21T12:00:00+00:00,2024-01-21T12:00:00+00:00
CLM-0000137-S01,CLM-0000137,REPORTED,2024-02-28T09:00:00+00:00,2024-02-28T10:00:00+00:00
CLM-0000137-S02,CLM-0000137,OPEN,2024-02-28T11:00:00+00:00,2024-02-28T11:00:00+00:00
CLM-0000137-S03,CLM-0000137,CLOSED,2024-08-10T12:00:00+00:00,2024-08-10T12:00:00+00:00
CLM-0000138-S01,CLM-0000138,REPORTED,2023-10-19T09:00:00+00:00,2023-10-19T10:00:00+00:00
CLM-0000138-S02,CLM-0000138,OPEN,2023-10-19T11:00:00+00:00,2023-10-19T11:00:00+00:00
CLM-0000138-S03,CLM-0000138,CLOSED,2024-01-05T12:00:00+00:00,2024-01-05T12:00:00+00:00
CLM-0000139-S01,CLM-0000139,REPORTED,2023-05-09T09:00:00+00:00,2023-05-09T10:00:00+00:00
CLM-0000139-S02,CLM-0000139,OPEN,2023-05-09T11:00:00+00:00,2023-05-09T11:00:00+00:00
CLM-0000140-S01,CLM-0000140,REPORTED,2023-02-25T09:00:00+00:00,2023-02-25T10:00:00+00:00
CLM-0000140-S02,CLM-0000140,OPEN,2023-02-25T11:00:00+00:00,2023-02-25T11:00:00+00:00
CLM-0000141-S01,CLM-0000141,REPORTED,2023-07-27T09:00:00+00:00,2023-07-27T10:00:00+00:00
CLM-0000141-S02,CLM-0000141,OPEN,2023-07-27T11:00:00+00:00,2023-07-27T11:00:00+00:00
CLM-0000141-S03,CLM-0000141,CLOSED,2023-10-18T12:00:00+00:00,2023-10-18T12:00:00+00:00
CLM-0000142-S01,CLM-0000142,REPORTED,2024-04-05T09:00:00+00:00,2024-04-05T10:00:00+00:00
CLM-0000142-S02,CLM-0000142,OPEN,2024-04-05T11:00:00+00:00,2024-04-05T11:00:00+00:00
CLM-0000142-S03,CLM-0000142,CLOSED,2024-08-28T12:00:00+00:00,2024-08-28T12:00:00+00:00
CLM-0000143-S01,CLM-0000143,REPORTED,2022-09-09T09:00:00+00:00,2022-09-09T10:00:00+00:00
CLM-0000143-S02,CLM-0000143,OPEN,2022-09-09T11:00:00+00:00,2022-09-09T11:00:00+00:00
CLM-0000144-S01,CLM-0000144,REPORTED,2022-11-29T09:00:00+00:00,2022-11-29T10:00:00+00:00
CLM-0000144-S02,CLM-0000144,OPEN,2022-11-29T11:00:00+00:00,2022-11-29T11:00:00+00:00
CLM-0000144-S03,CLM-0000144,CLOSED,2022-12-31T12:00:00+00:00,2022-12-31T12:00:00+00:00
CLM-0000145-S01,CLM-0000145,REPORTED,2022-08-29T09:00:00+00:00,2022-08-29T10:00:00+00:00
CLM-0000145-S02,CLM-0000145,OPEN,2022-08-29T11:00:00+00:00,2022-08-29T11:00:00+00:00
CLM-0000145-S03,CLM-0000145,CLOSED,2022-11-30T12:00:00+00:00,2022-11-30T12:00:00+00:00
CLM-0000146-S01,CLM-0000146,REPORTED,2024-06-25T09:00:00+00:00,2024-06-25T10:00:00+00:00
CLM-0000146-S02,CLM-0000146,OPEN,2024-06-25T11:00:00+00:00,2024-06-25T11:00:00+00:00
CLM-0000146-S03,CLM-0000146,CLOSED,2024-12-12T12:00:00+00:00,2024-12-12T12:00:00+00:00
CLM-0000147-S01,CLM-0000147,REPORTED,2023-02-26T09:00:00+00:00,2023-02-26T10:00:00+00:00
CLM-0000147-S02,CLM-0000147,OPEN,2023-02-26T11:00:00+00:00,2023-02-26T11:00:00+00:00
CLM-0000147-S03,CLM-0000147,CLOSED,2023-04-22T12:00:00+00:00,2023-04-22T12:00:00+00:00
CLM-0000148-S01,CLM-0000148,REPORTED,2022-08-15T09:00:00+00:00,2022-08-15T10:00:00+00:00
CLM-0000148-S02,CLM-0000148,OPEN,2022-08-15T11:00:00+00:00,2022-08-15T11:00:00+00:00
CLM-0000149-S01,CLM-0000149,REPORTED,2023-09-12T09:00:00+00:00,2023-09-12T10:00:00+00:00
CLM-0000149-S02,CLM-0000149,OPEN,2023-09-12T11:00:00+00:00,2023-09-12T11:00:00+00:00
CLM-0000149-S03,CLM-0000149,CLOSED,2023-12-10T12:00:00+00:00,2023-12-10T12:00:00+00:00
CLM-0000150-S01,CLM-0000150,REPORTED,2023-01-11T09:00:00+00:00,2023-01-11T10:00:00+00:00
CLM-0000150-S02,CLM-0000150,OPEN,2023-01-11T11:00:00+00:00,2023-01-11T11:00:00+00:00
