payment_id,claim_id,payment_date,payment_type,payee_type,payment_amount,recorded_at
CLM-0000001-P01,CLM-0000001,2023-08-16,INDEMNITY,VENDOR,8374.71,2023-08-16T12:00:00+00:00
CLM-0000001-P02,CLM-0000001,2023-08-28,INDEMNITY,VENDOR,8374.71,2023-08-28T12:00:00+00:00
CLM-0000002-P01,CLM-0000002,2024-08-01,INDEMNITY,ATTORNEY,4150.92,2024-08-01T12:00:00+00:00
CLM-0000002-P02,CLM-0000002,2024-08-13,INDEMNITY,CLAIMANT,4150.92,2024-08-13T12:00:00+00:00
CLM-0000003-P01,CLM-0000003,2024-02-12,INDEMNITY,VENDOR,31607.94,2024-02-12T12:00:00+00:00
CLM-0000004-P01,CLM-0000004,2023-10-04,INDEMNITY,VENDOR,474.22,2023-10-04T12:00:00+00:00
CLM-0000004-P02,CLM-0000004,2023-10-16,INDEMNITY,CLAIMANT,474.22,2023-10-16T12:00:00+00:00
CLM-0000004-P03,CLM-0000004,2023-10-28,EXPENSE,CLAIMANT,474.22,2023-10-28T12:00:00+00:00
CLM-0000005-P01,CLM-0000005,2024-03-08,INDEMNITY,VENDOR,1069.44,2024-03-08T12:00:00+00:00
CLM-0000005-P02,CLM-0000005,2024-03-20,INDEMNITY,VENDOR,1069.44,2024-03-20T12:00:00+00:00
CLM-0000005-P03,CLM-0000005,2024-04-01,EXPENSE,INSURED,1069.44,2024-04-01T12:00:00+00:00
CLM-0000006-P01,CLM-0000006,2023-09-13,INDEMNITY,VENDOR,1975.85,2023-09-13T12:00:00+00:00
CLM-0000007-P01,CLM-0000007,2023-12-18,INDEMNITY,CLAIMANT,2127.98,2023-12-18T12:00:00+00:00
CLM-0000007-P02,CLM-0000007,2023-12-30,INDEMNITY,ATTORNEY,2127.98,2023-12-30T12:00:00+00:00
CLM-0000007-P03,CLM-0000007,2024-01-11,EXPENSE,INSURED,2127.98,2024-01-11T12:00:00+00:00
CLM-0000008-P01,CLM-0000008,2024-01-25,INDEMNITY,INSURED,9527.60,2024-01-25T12:00:00+00:00
CLM-0000008-P02,CLM-0000008,2024-02-06,INDEMNITY,ATTORNEY,9527.60,2024-02-06T12:00:00+00:00
CLM-0000008-P03,CLM-0000008,2024-02-18,EXPENSE,CLAIMANT,9527.60,2024-02-18T12:00:00+00:00
CLM-0000009-P01,CLM-0000009,2023-09-13,INDEMNITY,CLAIMANT,1707.90,2023-09-13T12:00:00+00:00
CLM-0000009-P02,CLM-0000009,2023-09-25,INDEMNITY,CLAIMANT,1707.90,2023-09-25T12:00:00+00:00
CLM-0000009-P03,CLM-0000009,2023-10-07,EXPENSE,ATTORNEY,1707.90,2023-10-07T12:00:00+00:00
CLM-0000010-P01,CLM-0000010,2023-09-15,INDEMNITY,CLAIMANT,2126.29,2023-09-15T12:00:00+00:00
CLM-0000010-P02,CLM-0000010,2023-09-27,INDEMNITY,INSURED,2126.29,2023-09-27T12:00:00+00:00
CLM-0000011-P01,CLM-0000011,2023-06-23,INDEMNITY,INSURED,441.84,2023-06-23T12:00:00+00:00
CLM-0000011-P02,CLM-0000011,2023-07-05,INDEMNITY,VENDOR,441.84,2023-07-05T12:00:00+00:00
CLM-0000011-P03,CLM-0000011,2023-07-17,EXPENSE,ATTORNEY,441.84,2023-07-17T12:00:00+00:00
CLM-0000012-P01,CLM-0000012,2023-05-04,INDEMNITY,CLAIMANT,4955.57,2023-05-04T12:00:00+00:00
CLM-0000012-P02,CLM-0000012,2023-05-16,INDEMNITY,ATTORNEY,4955.57,2023-05-16T12:00:00+00:00
CLM-0000012-P03,CLM-0000012,2023-05-28,EXPENSE,CLAIMANT,4955.57,2023-05-28T12:00:00+00:00
CLM-0000013-P01,CLM-0000013,2023-12-21,INDEMNITY,VENDOR,6387.77,2023-12-21T12:00:00+00:00
CLM-0000014-P01,CLM-0000014,2023-08-28,INDEMNITY,CLAIMANT,2618.34,2023-08-28T12:00:00+00:00
CLM-0000014-P02,CLM-0000014,2023-09-09,INDEMNITY,CLAIMANT,2618.34,2023-09-09T12:00:00+00:00
CLM-0000015-P01,CLM-0000015,2024-03-20,INDEMNITY,VENDOR,5563.03,2024-03-20T12:00:00+00:00
CLM-0000016-P01,CLM-0000016,2023-12-16,INDEMNITY,ATTORNEY,2672.71,2023-12-16T12:00:00+00:00
CLM-0000016-P02,CLM-0000016,2023-12-28,INDEMNITY,ATTORNEY,2672.71,2023-12-28T12:00:00+00:00
CLM-0000017-P01,CLM-0000017,2024-06-28,INDEMNITY,CLAIMANT,4884.81,2024-06-28T12:00:00+00:00
CLM-0000017-P02,CLM-0000017,2024-07-10,INDEMNITY,CLAIMANT,4884.81,2024-07-10T12:00:00+00:00
CLM-0000018-P01,CLM-0000018,2023-07-10,INDEMNITY,CLAIMANT,5836.51,2023-07-10T12:00:00+00:00
CLM-0000018-P02,CLM-0000018,2023-07-22,INDEMNITY,INSURED,5836.51,2023-07-22T12:00:00+00:00
CLM-0000018-P03,CLM-0000018,2023-08-03,EXPENSE,VENDOR,5836.51,2023-08-03T12:00:00+00:00
CLM-0000019-P01,CLM-0000019,2023-06-09,INDEMNITY,CLAIMANT,30321.11,2023-06-09T12:00:00+00:00
CLM-0000020-P01,CLM-0000020,2024-10-19,INDEMNITY,VENDOR,2870.50,2024-10-19T12:00:00+00:00
CLM-0000020-P02,CLM-0000020,2024-10-31,INDEMNITY,VENDOR,2870.50,2024-10-31T12:00:00+00:00
CLM-0000020-P03,CLM-0000020,2024-11-12,EXPENSE,ATTORNEY,2870.50,2024-11-12T12:00:00+00:00
CLM-0000021-P01,CLM-0000021,2023-02-11,INDEMNITY,ATTORNEY,2480.32,2023-02-11T12:00:00+00:00
CLM-0000021-P02,CLM-0000021,2023-02-23,INDEMNITY,ATTORNEY,2480.32,2023-02-23T12:00:00+00:00
CLM-0000022-P01,CLM-0000022,2022-04-23,INDEMNITY,CLAIMANT,14111.82,2022-04-23T12:00:00+00:00
CLM-0000022-P02,CLM-0000022,2022-05-05,INDEMNITY,CLAIMANT,14111.82,2022-05-05T12:00:00+00:00
CLM-0000023-P01,CLM-0000023,2023-03-12,INDEMNITY,VENDOR,4288.84,2023-03-12T12:00:00+00:00
CLM-0000023-P02,CLM-0000023,2023-03-24,INDEMNITY,ATTORNEY,4288.84,2023-03-24T12:00:00+00:00
CLM-0000024-P01,CLM-0000024,2023-01-11,INDEMNITY,ATTORNEY,2434.12,2023-01-11T12:00:00+00:00
CLM-0000024-P02,CLM-0000024,2023-01-23,INDEMNITY,INSURED,2434.12,2023-01-23T12:00:00+00:00
CLM-0000024-P03,CLM-0000024,2023-02-04,EXPENSE,ATTORNEY,2434.12,2023-02-04T12:00:00+00:00
CLM-0000025-P01,CLM-0000025,2023-09-27,INDEMNITY,CLAIMANT,2179.93,2023-09-27T12:00:00+00:00
CLM-0000025-P02,CLM-0000025,2023-10-09,INDEMNITY,CLAIMANT,2179.93,2023-10-09T12:00:00+00:00
CLM-0000026-P01,CLM-0000026,2023-12-20,INDEMNITY,VENDOR,14296.92,2023-12-20T12:00:00+00:00
CLM-0000026-P02,CLM-0000026,2024-01-01,INDEMNITY,ATTORNEY,14296.92,2024-01-01T12:00:00+00:00
CLM-0000027-P01,CLM-0000027,2022-07-01,INDEMNITY,VENDOR,276.59,2022-07-01T12:00:00+00:00
CLM-0000027-P02,CLM-0000027,2022-07-13,INDEMNITY,VENDOR,276.59,2022-07-13T12:00:00+00:00
CLM-0000027-P03,CLM-0000027,2022-07-25,EXPENSE,ATTORNEY,276.59,2022-07-25T12:00:00+00:00
CLM-0000028-P01,CLM-0000028,2024-05-01,INDEMNITY,ATTORNEY,16471.60,2024-05-01T12:00:00+00:00
CLM-0000029-P01,CLM-0000029,2022-11-30,INDEMNITY,CLAIMANT,6960.85,2022-11-30T12:00:00+00:00
CLM-0000029-P02,CLM-0000029,2022-12-12,INDEMNITY,INSURED,6960.85,2022-12-12T12:00:00+00:00
CLM-0000030-P01,CLM-0000030,2023-11-28,INDEMNITY,INSURED,632.70,2023-11-28T12:00:00+00:00
CLM-0000030-P02,CLM-0000030,2023-12-10,INDEMNITY,INSURED,632.70,2023-12-10T12:00:00+00:00
CLM-0000030-P03,CLM-0000030,2023-12-22,EXPENSE,INSURED,632.70,2023-12-22T12:00:00+00:00
CLM-0000031-P01,CLM-0000031,2022-12-04,INDEMNITY,ATTORNEY,5757.47,2022-12-04T12:00:00+00:00
CLM-0000032-P01,CLM-0000032,2023-03-31,INDEMNITY,ATTORNEY,5663.22,2023-03-31T12:00:00+00:00
CLM-0000033-P01,CLM-0000033,2023-12-18,INDEMNITY,CLAIMANT,6173.72,2023-12-18T12:00:00+00:00
CLM-0000034-P01,CLM-0000034,2023-08-11,INDEMNITY,INSURED,13038.21,2023-08-11T12:00:00+00:00
CLM-0000035-P01,CLM-0000035,2024-05-12,INDEMNITY,CLAIMANT,1034.24,2024-05-12T12:00:00+00:00
CLM-0000036-P01,CLM-0000036,2023-06-27,INDEMNITY,ATTORNEY,15220.88,2023-06-27T12:00:00+00:00
CLM-0000036-P02,CLM-0000036,2023-07-09,INDEMNITY,INSURED,15220.88,2023-07-09T12:00:00+00:00
CLM-0000037-P01,CLM-0000037,2023-04-14,INDEMNITY,ATTORNEY,2746.25,2023-04-14T12:00:00+00:00
CLM-0000037-P02,CLM-0000037,2023-04-26,INDEMNITY,INSURED,2746.25,2023-04-26T12:00:00+00:00
CLM-0000037-P03,CLM-0000037,2023-05-08,EXPENSE,VENDOR,2746.25,2023-05-08T12:00:00+00:00
CLM-0000038-P01,CLM-0000038,2024-04-06,INDEMNITY,INSURED,4852.45,2024-04-06T12:00:00+00:00
CLM-0000038-P02,CLM-0000038,2024-04-18,INDEMNITY,INSURED,4852.45,2024-04-18T12:00:00+00:00
CLM-0000039-P01,CLM-0000039,2024-04-27,INDEMNITY,ATTORNEY,1500.05,2024-04-27T12:00:00+00:00
CLM-0000040-P01,CLM-0000040,2024-06-27,INDEMNITY,VENDOR,14478.07,2024-06-27T12:00:00+00:00
CLM-0000040-P02,CLM-0000040,2024-07-09,INDEMNITY,VENDOR,14478.07,2024-07-09T12:00:00+00:00
CLM-0000041-P01,CLM-0000041,2023-02-19,INDEMNITY,ATTORNEY,934.43,2023-02-19T12:00:00+00:00
CLM-0000041-P02,CLM-0000041,2023-03-03,INDEMNITY,CLAIMANT,934.43,2023-03-03T12:00:00+00:00
CLM-0000041-P03,CLM-0000041,2023-03-15,EXPENSE,VENDOR,934.43,2023-03-15T12:00:00+00:00
CLM-0000042-P01,CLM-0000042,2022-11-23,INDEMNITY,ATTORNEY,2589.39,2022-11-23T12:00:00+00:00
CLM-0000042-P02,CLM-0000042,2022-12-05,INDEMNITY,ATTORNEY,2589.39,2022-12-05T12:00:00+00:00
CLM-0000042-P03,CLM-0000042,2022-12-17,EXPENSE,ATTORNEY,2589.39,2022-12-17T12:00:00+00:00
CLM-0000043-P01,CLM-0000043,2024-06-18,INDEMNITY,ATTORNEY,1444.25,2024-06-18T12:00:00+00:00
CLM-0000043-P02,CLM-0000043,2024-06-30,INDEMNITY,ATTORNEY,1444.25,2024-06-30T12:00:00+00:00
CLM-0000044-P01,CLM-0000044,2023-06-21,INDEMNITY,VENDOR,7260.69,2023-06-21T12:00:00+00:00
CLM-0000045-P01,CLM-0000045,2023-06-24,INDEMNITY,CLAIMANT,2987.26,2023-06-24T12:00:00+00:00
CLM-0000045-P02,CLM-0000045,2023-07-06,INDEMNITY,ATTORNEY,2987.26,2023-07-06T12:00:00+00:00
CLM-0000045-P03,CLM-0000045,2023-07-18,EXPENSE,VENDOR,2987.26,2023-07-18T12:00:00+00:00
CLM-0000046-P01,CLM-0000046,2024-04-14,INDEMNITY,ATTORNEY,2322.30,2024-04-14T12:00:00+00:00
CLM-0000046-P02,CLM-0000046,2024-04-26,INDEMNITY,ATTORNEY,2322.30,2024-04-26T12:00:00+00:00
CLM-0000046-P03,CLM-0000046,2024-05-08,EXPENSE,ATTORNEY,2322.30,2024-05-08T12:00:00+00:00
CLM-0000047-P01,CLM-0000047,2024-01-11,INDEMNITY,VENDOR,18211.32,2024-01-11T12:00:00+00:00
CLM-0000048-P01,CLM-0000048,2023-10-07,INDEMNITY,VENDOR,8255.55,2023-10-07T12:00:00+00:00
CLM-0000048-P02,CLM-0000048,2023-10-19,INDEMNITY,VENDOR,8255.55,2023-10-19T12:00:00+00:00
CLM-0000049-P01,CLM-0000049,2023-02-11,INDEMNITY,ATTORNEY,3030.34,2023-02-11T12:00:00+00:00
CLM-0000049-P02,CLM-0000049,2023-02-23,INDEMNITY,ATTORNEY,3030.34,2023-02-23T12:00:00+00:00
CLM-0000049-P03,CLM-0000049,2023-03-07,EXPENSE,CLAIMANT,3030.34,2023-03-07T12:00:00+00:00
CLM-0000050-P01,CLM-0000050,2024-01-26,INDEMNITY,VENDOR,8233.37,2024-01-26T12:00:00+00:00
CLM-0000051-P01,CLM-0000051,2023-06-26,INDEMNITY,ATTORNEY,5251.04,2023-06-26T12:00:00+00:00
CLM-0000051-P02,CLM-0000051,2023-07-08,INDEMNITY,INSURED,5251.04,2023-07-08T12:00:00+00:00
CLM-0000051-P03,CLM-0000051,2023-07-20,EXPENSE,INSURED,5251.04,2023-07-20T12:00:00+00:00
CLM-0000052-P01,CLM-0000052,2023-09-07,INDEMNITY,INSURED,1281.26,2023-09-07T12:00:00+00:00
CLM-0000052-P02,CLM-0000052,2023-09-19,INDEMNITY,INSURED,1281.26,2023-09-19T12:00:00+00:00
CLM-0000052-P03,CLM-0000052,2023-10-01,EXPENSE,CLAIMANT,1281.26,2023-10-01T12:00:00+00:00
CLM-0000053-P01,CLM-0000053,2023-03-27,INDEMNITY,ATTORNEY,3184.84,2023-03-27T12:00:00+00:00
CLM-0000053-P02,CLM-0000053,2023-04-08,INDEMNITY,VENDOR,3184.84,2023-04-08T12:00:00+00:00
CLM-0000054-P01,CLM-0000054,2024-06-17,INDEMNITY,CLAIMANT,2549.55,2024-06-17T12:00:00+00:00
CLM-0000054-P02,CLM-0000054,2024-06-29,INDEMNITY,ATTORNEY,2549.55,2024-06-29T12:00:00+00:00
CLM-0000055-P01,CLM-0000055,2023-09-24,INDEMNITY,ATTORNEY,6693.27,2023-09-24T12:00:00+00:00
CLM-0000055-P02,CLM-0000055,2023-10-06,INDEMNITY,INSURED,6693.27,2023-10-06T12:00:00+00:00
CLM-0000055-P03,CLM-0000055,2023-10-18,EXPENSE,CLAIMANT,6693.27,2023-10-18T12:00:00+00:00
CLM-0000056-P01,CLM-0000056,2022-10-24,INDEMNITY,ATTORNEY,19010.01,2022-10-24T12:00:00+00:00
CLM-0000057-P01,CLM-0000057,2022-11-25,INDEMNITY,CLAIMANT,1743.95,2022-11-25T12:00:00+00:00
CLM-0000057-P02,CLM-0000057,2022-12-07,INDEMNITY,VENDOR,1743.95,2022-12-07T12:00:00+00:00
CLM-0000057-P03,CLM-0000057,2022-12-19,EXPENSE,CLAIMANT,1743.95,2022-12-19T12:00:00+00:00
CLM-0000058-P01,CLM-0000058,2024-01-23,INDEMNITY,INSURED,16189.30,2024-01-23T12:00:00+00:00
CLM-0000059-P01,CLM-0000059,2023-02-07,INDEMNITY,INSURED,8762.36,2023-02-07T12:00:00+00:00
CLM-0000059-P02,CLM-0000059,2023-02-19,INDEMNITY,CLAIMANT,8762.36,2023-02-19T12:00:00+00:00
CLM-0000060-P01,CLM-0000060,2023-09-27,INDEMNITY,ATTORNEY,1930.14,2023-09-27T12:00:00+00:00
CLM-0000060-P02,CLM-0000060,2023-10-09,INDEMNITY,VENDOR,1930.14,2023-10-09T12:00:00+00:00
CLM-0000061-P01,CLM-0000061,2023-01-29,INDEMNITY,CLAIMANT,1363.41,2023-01-29T12:00:00+00:00
CLM-0000061-P02,CLM-0000061,2023-02-10,INDEMNITY,INSURED,1363.41,2023-02-10T12:00:00+00:00
CLM-0000062-P01,CLM-0000062,2023-05-24,INDEMNITY,INSURED,1167.60,2023-05-24T12:00:00+00:00
CLM-0000062-P02,CLM-0000062,2023-06-05,INDEMNITY,CLAIMANT,1167.60,2023-06-05T12:00:00+00:00
CLM-0000063-P01,CLM-0000063,2023-10-23,INDEMNITY,CLAIMANT,4851.72,2023-10-23T12:00:00+00:00
CLM-0000063-P02,CLM-0000063,2023-11-04,INDEMNITY,VENDOR,4851.72,2023-11-04T12:00:00+00:00
CLM-0000063-P03,CLM-0000063,2023-11-16,EXPENSE,INSURED,4851.72,2023-11-16T12:00:00+00:00
CLM-0000064-P01,CLM-0000064,2023-02-18,INDEMNITY,INSURED,20647.81,2023-02-18T12:00:00+00:00
CLM-0000065-P01,CLM-0000065,2024-08-26,INDEMNITY,INSURED,5858.56,2024-08-26T12:00:00+00:00
CLM-0000066-P01,CLM-0000066,2023-07-17,INDEMNITY,INSURED,1633.16,2023-07-17T12:00:00+00:00
CLM-0000067-P01,CLM-0000067,2023-11-21,INDEMNITY,ATTORNEY,4084.34,2023-11-21T12:00:00+00:00
CLM-0000067-P02,CLM-0000067,2023-12-03,INDEMNITY,ATTORNEY,4084.34,2023-12-03T12:00:00+00:00
CLM-0000068-P01,CLM-0000068,2024-10-23,INDEMNITY,VENDOR,3279.82,2024-10-23T12:00:00+00:00
CLM-0000068-P02,CLM-0000068,2024-11-04,INDEMNITY,ATTORNEY,3279.82,2024-11-04T12:00:00+00:00
CLM-0000068-P03,CLM-0000068,2024-11-16,EXPENSE,VENDOR,3279.82,2024-11-16T12:00:00+00:00
CLM-0000069-P01,CLM-0000069,2024-09-01,INDEMNITY,INSURED,9317.29,2024-09-01T12:00:00+00:00
CLM-0000070-P01,CLM-0000070,2024-02-13,INDEMNITY,CLAIMANT,21612.70,2024-02-13T12:00:00+00:00
CLM-0000071-P01,CLM-0000071,2023-11-15,INDEMNITY,CLAIMANT,9999.90,2023-11-15T12:00:00+00:00
CLM-0000071-P02,CLM-0000071,2023-11-27,INDEMNITY,ATTORNEY,9999.90,2023-11-27T12:00:00+00:00
CLM-0000072-P01,CLM-0000072,2023-12-21,INDEMNITY,INSURED,4895.50,2023-12-21T12:00:00+00:00
CLM-0000072-P02,CLM-0000072,2024-01-02,INDEMNITY,VENDOR,4895.50,2024-01-02T12:00:00+00:00
CLM-0000073-P01,CLM-0000073,2022-12-21,INDEMNITY,CLAIMANT,17658.70,2022-12-21T12:00:00+00:00
CLM-0000074-P01,CLM-0000074,2023-08-28,INDEMNITY,ATTORNEY,8505.21,2023-08-28T12:00:00+00:00
CLM-0000075-P01,CLM-0000075,2023-05-31,INDEMNITY,ATTORNEY,4979.49,2023-05-31T12:00:00+00:00
CLM-0000075-P02,CLM-0000075,2023-06-12,INDEMNITY,INSURED,4979.49,2023-06-12T12:00:00+00:00
CLM-0000075-P03,CLM-0000075,2023-06-24,EXPENSE,INSURED,4979.49,2023-06-24T12:00:00+00:00
CLM-0000076-P01,CLM-0000076,2023-06-05,INDEMNITY,ATTORNEY,9647.59,2023-06-05T12:00:00+00:00
CLM-0000077-P01,CLM-0000077,2023-02-02,INDEMNITY,ATTORNEY,7047.85,2023-02-02T12:00:00+00:00
CLM-0000078-P01,CLM-0000078,2023-06-01,INDEMNITY,VENDOR,2996.35,2023-06-01T12:00:00+00:00
CLM-0000078-P02,CLM-0000078,2023-06-13,INDEMNITY,VENDOR,2996.35,2023-06-13T12:00:00+00:00
CLM-0000079-P01,CLM-0000079,2024-05-12,INDEMNITY,ATTORNEY,25133.40,2024-05-12T12:00:00+00:00
CLM-0000080-P01,CLM-0000080,2023-08-19,INDEMNITY,ATTORNEY,4382.47,2023-08-19T12:00:00+00:00
CLM-0000080-P02,CLM-0000080,2023-08-31,INDEMNITY,CLAIMANT,4382.47,2023-08-31T12:00:00+00:00
CLM-0000080-P03,CLM-0000080,2023-09-12,EXPENSE,VENDOR,4382.47,2023-09-12T12:00:00+00:00
CLM-0000081-P01,CLM-0000081,2024-07-30,INDEMNITY,VENDOR,678.37,2024-07-30T12:00:00+00:00
CLM-0000081-P02,CLM-0000081,2024-08-11,INDEMNITY,ATTORNEY,678.37,2024-08-11T12:00:00+00:00
CLM-0000081-P03,CLM-0000081,2024-08-23,EXPENSE,ATTORNEY,678.37,2024-08-23T12:00:00+00:00
CLM-0000082-P01,CLM-0000082,2022-04-30,INDEMNITY,ATTORNEY,3473.64,2022-04-30T12:00:00+00:00
CLM-0000082-P02,CLM-0000082,2022-05-12,INDEMNITY,CLAIMANT,3473.64,2022-05-12T12:00:00+00:00
CLM-0000082-P03,CLM-0000082,2022-05-24,EXPENSE,VENDOR,3473.64,2022-05-24T12:00:00+00:00
CLM-0000083-P01,CLM-0000083,2023-10-26,INDEMNITY,ATTORNEY,21459.98,2023-10-26T12:00:00+00:00
CLM-0000084-P01,CLM-0000084,2022-10-04,INDEMNITY,INSURED,2261.55,2022-10-04T12:00:00+00:00
CLM-0000084-P02,CLM-0000084,2022-10-16,INDEMNITY,CLAIMANT,2261.55,2022-10-16T12:00:00+00:00
CLM-0000085-P01,CLM-0000085,2024-06-19,INDEMNITY,CLAIMANT,1838.37,2024-06-19T12:00:00+00:00
CLM-0000085-P02,CLM-0000085,2024-07-01,INDEMNITY,VENDOR,1838.37,2024-07-01T12:00:00+00:00
CLM-0000086-P01,CLM-0000086,2023-10-29,INDEMNITY,INSURED,1045.37,2023-10-29T12:00:00+00:00
CLM-0000087-P01,CLM-0000087,2023-11-20,INDEMNITY,CLAIMANT,2993.27,2023-11-20T12:00:00+00:00
CLM-0000087-P02,CLM-0000087,2023-12-02,INDEMNITY,ATTORNEY,2993.27,2023-12-02T12:00:00+00:00
CLM-0000087-P03,CLM-0000087,2023-12-14,EXPENSE,CLAIMANT,2993.27,2023-12-14T12:00:00+00:00
CLM-0000088-P01,CLM-0000088,2022-11-10,INDEMNITY,ATTORNEY,1898.85,2022-11-10T12:00:00+00:00
CLM-0000088-P02,CLM-0000088,2022-11-22,INDEMNITY,CLAIMANT,1898.85,2022-11-22T12:00:00+00:00
CLM-0000089-P01,CLM-0000089,2023-09-18,INDEMNITY,INSURED,1582.75,2023-09-18T12:00:00+00:00
CLM-0000089-P02,CLM-0000089,2023-09-30,INDEMNITY,CLAIMANT,1582.75,2023-09-30T12:00:00+00:00
CLM-0000089-P03,CLM-0000089,2023-10-12,EXPENSE,CLAIMANT,1582.75,2023-10-12T12:00:00+00:00
CLM-0000090-P01,CLM-0000090,2022-10-11,INDEMNITY,CLAIMANT,3059.68,2022-10-11T12:00:00+00:00
CLM-0000090-P02,CLM-0000090,2022-10-23,INDEMNITY,INSURED,3059.68,2022-10-23T12:00:00+00:00
CLM-0000091-P01,CLM-0000091,2024-08-22,INDEMNITY,VENDOR,18814.00,2024-08-22T12:00:00+00:00
CLM-0000092-P01,CLM-0000092,2024-04-11,INDEMNITY,CLAIMANT,20671.90,2024-04-11T12:00:00+00:00
CLM-0000092-P02,CLM-0000092,2024-04-23,INDEMNITY,CLAIMANT,20671.90,2024-04-23T12:00:00+00:00
CLM-0000093-P01,CLM-0000093,2022-12-03,INDEMNITY,ATTORNEY,15436.99,2022-12-03T12:00:00+00:00
CLM-0000094-P01,CLM-0000094,2022-07-27,INDEMNITY,ATTORNEY,2186.20,2022-07-27T12:00:00+00:00
CLM-0000094-P02,CLM-0000094,2022-08-08,INDEMNITY,VENDOR,2186.20,2022-08-08T12:00:00+00:00
CLM-0000095-P01,CLM-0000095,2023-07-06,INDEMNITY,VENDOR,7847.04,2023-07-06T12:00:00+00:00
CLM-0000096-P01,CLM-0000096,2023-04-11,INDEMNITY,VENDOR,3187.24,2023-04-11T12:00:00+00:00
CLM-0000097-P01,CLM-0000097,2023-05-31,INDEMNITY,INSURED,18221.82,2023-05-31T12:00:00+00:00
CLM-0000098-P01,CLM-0000098,2022-10-12,INDEMNITY,ATTORNEY,3382.21,2022-10-12T12:00:00+00:00
CLM-0000098-P02,CLM-0000098,2022-10-24,INDEMNITY,ATTORNEY,3382.21,2022-10-24T12:00:00+00:00
CLM-0000098-P03,CLM-0000098,2022-11-05,EXPENSE,VENDOR,3382.21,2022-11-05T12:00:00+00:00
CLM-0000099-P01,CLM-0000099,2023-06-20,INDEMNITY,CLAIMANT,1994.81,2023-06-20T12:00:00+00:00
CLM-0000099-P02,CLM-0000099,2023-07-02,INDEMNITY,INSURED,1994.81,2023-07-02T12:00:00+00:00
CLM-0000100-P01,CLM-0000100,2022-12-23,INDEMNITY,CLAIMANT,8051.84,2022-12-23T12:00:00+00:00
CLM-0000101-P01,CLM-0000101,2022-04-11,INDEMNITY,VENDOR,843.47,2022-04-11T12:00:00+00:00
CLM-0000102-P01,CLM-0000102,2023-01-02,INDEMNITY,INSURED,4598.81,2023-01-02T12:00:00+00:00
CLM-0000102-P02,CLM-0000102,2023-01-14,INDEMNITY,INSURED,4598.81,2023-01-14T12:00:00+00:00
CLM-0000102-P03,CLM-0000102,2023-01-26,EXPENSE,INSURED,4598.81,2023-01-26T12:00:00+00:00
CLM-0000103-P01,CLM-0000103,2023-10-21,INDEMNITY,CLAIMANT,2283.16,2023-10-21T12:00:00+00:00
CLM-0000103-P02,CLM-0000103,2023-11-02,INDEMNITY,VENDOR,2283.16,2023-11-02T12:00:00+00:00
CLM-0000104-P01,CLM-0000104,2022-06-01,INDEMNITY,INSURED,6559.71,2022-06-01T12:00:00+00:00
CLM-0000104-P02,CLM-0000104,2022-06-13,INDEMNITY,INSURED,6559.71,2022-06-13T12:00:00+00:00
CLM-0000104-P03,CLM-0000104,2022-06-25,EXPENSE,CLAIMANT,6559.71,2022-06-25T12:00:00+00:00
CLM-0000105-P01,CLM-0000105,2022-03-23,INDEMNITY,INSURED,3815.83,2022-03-23T12:00:00+00:00
CLM-0000105-P02,CLM-0000105,2022-04-04,INDEMNITY,ATTORNEY,3815.83,2022-04-04T12:00:00+00:00
CLM-0000106-P01,CLM-0000106,2023-01-25,INDEMNITY,ATTORNEY,1021.91,2023-01-25T12:00:00+00:00
CLM-0000107-P01,CLM-0000107,2024-02-23,INDEMNITY,CLAIMANT,2711.29,2024-02-23T12:00:00+00:00
CLM-0000107-P02,CLM-0000107,2024-03-06,INDEMNITY,CLAIMANT,2711.29,2024-03-06T12:00:00+00:00
CLM-0000107-P03,CLM-0000107,2024-03-18,EXPENSE,INSURED,2711.29,2024-03-18T12:00:00+00:00
CLM-0000108-P01,CLM-0000108,2024-10-17,INDEMNITY,VENDOR,5932.18,2024-10-17T12:00:00+00:00
CLM-0000108-P02,CLM-0000108,2024-10-29,INDEMNITY,ATTORNEY,5932.18,2024-10-29T12:00:00+00:00
CLM-0000109-P01,CLM-0000109,2023-07-11,INDEMNITY,INSURED,4977.58,2023-07-11T12:00:00+00:00
CLM-0000109-P02,CLM-0000109,2023-07-23,INDEMNITY,VENDOR,4977.58,2023-07-23T12:00:00+00:00
CLM-0000109-P03,CLM-0000109,2023-08-04,EXPENSE,VENDOR,4977.58,2023-08-04T12:00:00+00:00
CLM-0000110-P01,CLM-0000110,2024-01-27,INDEMNITY,VENDOR,21421.46,2024-01-27T12:00:00+00:00
CLM-0000111-P01,CLM-0000111,2023-01-04,INDEMNITY,ATTORNEY,2193.79,2023-01-04T12:00:00+00:00
CLM-0000111-P02,CLM-0000111,2023-01-16,INDEMNITY,ATTORNEY,2193.79,2023-01-16T12:00:00+00:00
CLM-0000111-P03,CLM-0000111,2023-01-28,EXPENSE,CLAIMANT,2193.79,2023-01-28T12:00:00+00:00
CLM-0000112-P01,CLM-0000112,2022-09-21,INDEMNITY,CLAIMANT,415.05,2022-09-21T12:00:00+00:00
CLM-0000112-P02,CLM-0000112,2022-10-03,INDEMNITY,ATTORNEY,415.05,2022-10-03T12:00:00+00:00
CLM-0000112-P03,CLM-0000112,2022-10-15,EXPENSE,CLAIMANT,415.05,2022-10-15T12:00:00+00:00
CLM-0000113-P01,CLM-0000113,2023-11-06,INDEMNITY,ATTORNEY,4115.73,2023-11-06T12:00:00+00:00
CLM-0000113-P02,CLM-0000113,2023-11-18,INDEMNITY,VENDOR,4115.73,2023-11-18T12:00:00+00:00
CLM-0000113-P03,CLM-0000113,2023-11-30,EXPENSE,ATTORNEY,4115.73,2023-11-30T12:00:00+00:00
CLM-0000114-P01,CLM-0000114,2023-06-11,INDEMNITY,ATTORNEY,6813.77,2023-06-11T12:00:00+00:00
CLM-0000114-P02,CLM-0000114,2023-06-23,INDEMNITY,CLAIMANT,6813.77,2023-06-23T12:00:00+00:00
CLM-0000115-P01,CLM-0000115,2022-10-17,INDEMNITY,ATTORNEY,3875.86,2022-10-17T12:00:00+00:00
CLM-0000115-P02,CLM-0000115,2022-10-29,INDEMNITY,INSURED,3875.86,2022-10-29T12:00:00+00:00
CLM-0000116-P01,CLM-0000116,2022-09-19,INDEMNITY,INSURED,2874.74,2022-09-19T12:00:00+00:00
CLM-0000117-P01,CLM-0000117,2023-08-08,INDEMNITY,CLAIMANT,3075.75,2023-08-08T12:00:00+00:00
CLM-0000117-P02,CLM-0000117,2023-08-20,INDEMNITY,ATTORNEY,3075.75,2023-08-20T12:00:00+00:00
CLM-0000117-P03,CLM-0000117,2023-09-01,EXPENSE,ATTORNEY,3075.75,2023-09-01T12:00:00+00:00
CLM-0000118-P01,CLM-0000118,2024-03-20,INDEMNITY,VENDOR,4046.45,2024-03-20T12:00:00+00:00
CLM-0000119-P01,CLM-0000119,2024-05-06,INDEMNITY,CLAIMANT,598.51,2024-05-06T12:00:00+00:00
CLM-0000119-P02,CLM-0000119,2024-05-18,INDEMNITY,CLAIMANT,598.51,2024-05-18T12:00:00+00:00
CLM-0000119-P03,CLM-0000119,2024-05-30,EXPENSE,INSURED,598.51,2024-05-30T12:00:00+00:00
CLM-0000120-P01,CLM-0000120,2024-06-25,INDEMNITY,VENDOR,1417.33,2024-06-25T12:00:00+00:00
CLM-0000120-P02,CLM-0000120,2024-07-07,INDEMNITY,CLAIMANT,1417.33,2024-07-07T12:00:00+00:00
CLM-0000120-P03,CLM-0000120,2024-07-19,EXPENSE,INSURED,1417.33,2024-07-19T12:00:00+00:00
CLM-0000121-P01,CLM-0000121,2023-01-26,INDEMNITY,CLAIMANT,781.09,2023-01-26T12:00:00+00:00
CLM-0000121-P02,CLM-0000121,2023-02-07,INDEMNITY,ATTORNEY,781.09,2023-02-07T12:00:00+00:00
CLM-0000122-P01,CLM-0000122,2023-11-24,INDEMNITY,VENDOR,2574.79,2023-11-24T12:00:00+00:00
CLM-0000122-P02,CLM-0000122,2023-12-06,INDEMNITY,VENDOR,2574.79,2023-12-06T12:00:00+00:00
CLM-0000123-P01,CLM-0000123,2023-03-24,INDEMNITY,CLAIMANT,2641.18,2023-03-24T12:00:00+00:00
CLM-0000123-P02,CLM-0000123,2023-04-05,INDEMNITY,INSURED,2641.18,2023-04-05T12:00:00+00:00
CLM-0000124-P01,CLM-0000124,2023-03-27,INDEMNITY,CLAIMANT,2243.99,2023-03-27T12:00:00+00:00
CLM-0000124-P02,CLM-0000124,2023-04-08,INDEMNITY,INSURED,2243.99,2023-04-08T12:00:00+00:00
CLM-0000125-P01,CLM-0000125,2022-11-07,INDEMNITY,CLAIMANT,36202.58,2022-11-07T12:00:00+00:00
CLM-0000126-P01,CLM-0000126,2023-03-08,INDEMNITY,VENDOR,2104.39,2023-03-08T12:00:00+00:00
CLM-0000126-P02,CLM-0000126,2023-03-20,INDEMNITY,CLAIMANT,2104.39,2023-03-20T12:00:00+00:00
CLM-0000127-P01,CLM-0000127,2023-01-20,INDEMNITY,VENDOR,1827.38,2023-01-20T12:00:00+00:00
CLM-0000127-P02,CLM-0000127,2023-02-01,INDEMNITY,INSURED,1827.38,2023-02-01T12:00:00+00:00
CLM-0000127-P03,CLM-0000127,2023-02-13,EXPENSE,VENDOR,1827.38,2023-02-13T12:00:00+00:00
CLM-0000128-P01,CLM-0000128,2024-01-29,INDEMNITY,VENDOR,3632.36,2024-01-29T12:00:00+00:00
CLM-0000129-P01,CLM-0000129,2024-07-19,INDEMNITY,VENDOR,7468.98,2024-07-19T12:00:00+00:00
CLM-0000129-P02,CLM-0000129,2024-07-31,INDEMNITY,CLAIMANT,7468.98,2024-07-31T12:00:00+00:00
CLM-0000130-P01,CLM-0000130,2022-10-02,INDEMNITY,ATTORNEY,7666.90,2022-10-02T12:00:00+00:00
CLM-0000131-P01,CLM-0000131,2023-03-16,INDEMNITY,CLAIMANT,5500.08,2023-03-16T12:00:00+00:00
CLM-0000132-P01,CLM-0000132,2022-04-03,INDEMNITY,VENDOR,4485.43,2022-04-03T12:00:00+00:00
CLM-0000132-P02,CLM-0000132,2022-04-15,INDEMNITY,INSURED,4485.43,2022-04-15T12:00:00+00:00
CLM-0000132-P03,CLM-0000132,2022-04-27,EXPENSE,INSURED,4485.43,2022-04-27T12:00:00+00:00
CLM-0000133-P01,CLM-0000133,2022-09-21,INDEMNITY,VENDOR,2427.14,2022-09-21T12:00:00+00:00
CLM-0000133-P02,CLM-0000133,2022-10-03,INDEMNITY,ATTORNEY,2427.14,2022-10-03T12:00:00+00:00
CLM-0000134-P01,CLM-0000134,2024-04-24,INDEMNITY,VENDOR,1438.04,2024-04-24T12:00:00+00:00
CLM-0000134-P02,CLM-0000134,2024-05-06,INDEMNITY,CLAIMANT,1438.04,2024-05-06T12:00:00+00:00
CLM-0000134-P03,CLM-0000134,2024-05-18,EXPENSE,ATTORNEY,1438.04,2024-05-18T12:00:00+00:00
CLM-0000135-P01,CLM-0000135,2023-06-09,INDEMNITY,CLAIMANT,14159.94,2023-06-09T12:00:00+00:00
CLM-0000136-P01,CLM-0000136,2023-10-04,INDEMNITY,INSURED,1344.42,2023-10-04T12:00:00+00:00
CLM-0000136-P02,CLM-0000136,2023-10-16,INDEMNITY,VENDOR,1344.42,2023-10-16T12:00:00+00:00
CLM-0000137-P01,CLM-0000137,2024-03-21,INDEMNITY,ATTORNEY,1893.42,2024-03-21T12:00:00+00:00
CLM-0000137-P02,CLM-0000137,2024-04-02,INDEMNITY,VENDOR,1893.42,2024-04-02T12:00:00+00:00
CLM-0000137-P03,CLM-0000137,2024-04-14,EXPENSE,INSURED,1893.42,2024-04-14T12:00:00+00:00
CLM-0000138-P01,CLM-0000138,2023-11-10,INDEMNITY,VENDOR,9799.64,2023-11-10T12:00:00+00:00
CLM-0000138-P02,CLM-0000138,2023-11-22,INDEMNITY,INSURED,9799.64,2023-11-22T12:00:00+00:00
CLM-0000139-P01,CLM-0000139,2023-05-31,INDEMNITY,INSURED,9849.57,2023-05-31T12:00:00+00:00
CLM-0000139-P02,CLM-0000139,2023-06-12,INDEMNITY,CLAIMANT,9849.57,2023-06-12T12:00:00+00:00
CLM-0000140-P01,CLM-0000140,2023-03-19,INDEMNITY,INSURED,8235.42,2023-03-19T12:00:00+00:00
CLM-0000140-P02,CLM-0000140,2023-03-31,INDEMNITY,CLAIMANT,8235.42,2023-03-31T12:00:00+00:00
CLM-0000140-P03,CLM-0000140,2023-04-12,EXPENSE,CLAIMANT,8235.42,2023-04-12T12:00:00+00:00
CLM-0000141-P01,CLM-0000141,2023-08-18,INDEMNITY,INSURED,2170.97,2023-08-18T12:00:00+00:00
CLM-0000141-P02,CLM-0000141,2023-08-30,INDEMNITY,VENDOR,2170.97,2023-08-30T12:00:00+00:00
CLM-0000141-P03,CLM-0000141,2023-09-11,EXPENSE,ATTORNEY,2170.97,2023-09-11T12:00:00+00:00
CLM-0000142-P01,CLM-0000142,2024-04-27,INDEMNITY,ATTORNEY,1738.52,2024-04-27T12:00:00+00:00
CLM-0000142-P02,CLM-0000142,2024-05-09,INDEMNITY,CLAIMANT,1738.52,2024-05-09T12:00:00+00:00
CLM-0000142-P03,CLM-0000142,2024-05-21,EXPENSE,CLAIMANT,1738.52,2024-05-21T12:00:00+00:00
CLM-0000143-P01,CLM-0000143,2022-10-01,INDEMNITY,VENDOR,3551.23,2022-10-01T12:00:00+00:00
CLM-0000144-P01,CLM-0000144,2022-12-21,INDEMNITY,INSURED,3544.62,2022-12-21T12:00:00+00:00
CLM-0000145-P01,CLM-0000145,2022-09-20,INDEMNITY,ATTORNEY,4709.36,2022-09-20T12:00:00+00:00
CLM-0000145-P02,CLM-0000145,2022-10-02,INDEMNITY,INSURED,4709.36,2022-10-02T12:00:00+00:00
CLM-0000146-P01,CLM-0000146,2024-07-17,INDEMNITY,VENDOR,3833.75,2024-07-17T12:00:00+00:00
CLM-0000146-P02,CLM-0000146,2024-07-29,INDEMNITY,VENDOR,3833.75,2024-07-29T12:00:00+00:00
CLM-0000147-P01,CLM-0000147,2023-03-20,INDEMNITY,ATTORNEY,2141.05,2023-03-20T12:00:00+00:00
CLM-0000147-P02,CLM-0000147,2023-04-01,INDEMNITY,CLAIMANT,2141.05,2023-04-01T12:00:00+00:00
CLM-0000148-P01,CLM-0000148,2022-09-06,INDEMNITY,INSURED,6778.00,2022-09-06T12:00:00+00:00
CLM-0000149-P01,CLM-0000149,2023-10-04,INDEMNITY,CLAIMANT,5553.20,2023-10-04T12:00:00+00:00
CLM-0000149-P02,CLM-0000149,2023-10-16,INDEMNITY,ATTORNEY,5553.20,2023-10-16T12:00:00+00:00
CLM-0000150-P01,CLM-0000150,2023-02-02,INDEMNITY,VENDOR,7106.47,2023-02-02T12:00:00+00:00
