policy_id,policy_number,customer_id,line_of_business,risk_state,effective_date,expiration_date,annual_premium,coverage_limit,loaded_at
POL-000001,AUTO-100001,CUST-000001,AUTO,SC,2023-02-03,2024-02-03,2186.88,136000.00,2023-01-19T12:00:00+00:00
POL-000002,AUTO-100002,CUST-000002,AUTO,NC,2023-08-23,2024-08-22,1682.80,141000.00,2023-08-08T12:00:00+00:00
POL-000003,HOME-100003,CUST-000003,HOME,SC,2023-07-17,2024-07-16,940.39,339000.00,2023-07-02T12:00:00+00:00
POL-000004,AUTO-100004,CUST-000004,AUTO,FL,2022-06-27,2023-06-27,2207.72,108000.00,2022-06-12T12:00:00+00:00
POL-000005,AUTO-100005,CUST-000005,AUTO,GA,2022-02-01,2023-02-01,1066.28,291000.00,2022-01-17T12:00:00+00:00
POL-000006,HOME-100006,CUST-000006,HOME,FL,2023-10-21,2024-10-20,1699.48,604000.00,2023-10-06T12:00:00+00:00
POL-000007,AUTO-100007,CUST-000007,AUTO,NC,2023-07-07,2024-07-06,1492.10,246000.00,2023-06-22T12:00:00+00:00
POL-000008,AUTO-100008,CUST-000008,AUTO,NC,2023-01-22,2024-01-22,740.63,263000.00,2023-01-07T12:00:00+00:00
POL-000009,HOME-100009,CUST-000009,HOME,NC,2023-06-24,2024-06-23,1383.97,190000.00,2023-06-09T12:00:00+00:00
POL-000010,AUTO-100010,CUST-000010,AUTO,SC,2022-02-14,2023-02-14,1844.86,218000.00,2022-01-30T12:00:00+00:00
POL-000011,AUTO-100011,CUST-000011,AUTO,GA,2023-10-16,2024-10-15,2303.81,89000.00,2023-10-01T12:00:00+00:00
POL-000012,HOME-100012,CUST-000012,HOME,GA,2022-10-12,2023-10-12,974.46,479000.00,2022-09-27T12:00:00+00:00
POL-000013,AUTO-100013,CUST-000013,AUTO,FL,2023-08-14,2024-08-13,1367.53,150000.00,2023-07-30T12:00:00+00:00
POL-000014,AUTO-100014,CUST-000014,AUTO,FL,2023-01-11,2024-01-11,1895.51,79000.00,2022-12-27T12:00:00+00:00
POL-000015,HOME-100015,CUST-000015,HOME,FL,2022-06-05,2023-06-05,937.57,682000.00,2022-05-21T12:00:00+00:00
POL-000016,AUTO-100016,CUST-000016,AUTO,SC,2023-11-17,2024-11-16,2365.73,26000.00,2023-11-02T12:00:00+00:00
POL-000017,AUTO-100017,CUST-000017,AUTO,NC,2022-09-22,2023-09-22,2285.55,174000.00,2022-09-07T12:00:00+00:00
POL-000018,HOME-100018,CUST-000018,HOME,SC,2023-06-27,2024-06-26,2241.08,548000.00,2023-06-12T12:00:00+00:00
POL-000019,AUTO-100019,CUST-000019,AUTO,GA,2023-04-21,2024-04-20,1627.39,293000.00,2023-04-06T12:00:00+00:00
POL-000020,AUTO-100020,CUST-000020,AUTO,NC,2023-10-15,2024-10-14,1742.63,65000.00,2023-09-30T12:00:00+00:00
POL-000021,HOME-100021,CUST-000021,HOME,FL,2022-03-19,2023-03-19,4103.28,520000.00,2022-03-04T12:00:00+00:00
POL-000022,AUTO-100022,CUST-000022,AUTO,FL,2023-09-13,2024-09-12,2176.52,261000.00,2023-08-29T12:00:00+00:00
POL-000023,AUTO-100023,CUST-000023,AUTO,FL,2022-05-19,2023-05-19,1993.26,194000.00,2022-05-04T12:00:00+00:00
POL-000024,HOME-100024,CUST-000024,HOME,NC,2022-04-19,2023-04-19,3309.36,478000.00,2022-04-04T12:00:00+00:00
POL-000025,AUTO-100025,CUST-000025,AUTO,FL,2023-06-21,2024-06-20,1990.33,79000.00,2023-06-06T12:00:00+00:00
POL-000026,AUTO-100026,CUST-000026,AUTO,GA,2023-10-04,2024-10-03,1339.87,222000.00,2023-09-19T12:00:00+00:00
POL-000027,HOME-100027,CUST-000027,HOME,FL,2022-01-07,2023-01-07,906.51,609000.00,2021-12-23T12:00:00+00:00
POL-000028,AUTO-100028,CUST-000028,AUTO,GA,2023-06-19,2024-06-18,1502.85,184000.00,2023-06-04T12:00:00+00:00
POL-000029,AUTO-100029,CUST-000029,AUTO,FL,2022-04-26,2023-04-26,1745.75,68000.00,2022-04-11T12:00:00+00:00
POL-000030,HOME-100030,CUST-000030,HOME,SC,2023-04-29,2024-04-28,3064.21,367000.00,2023-04-14T12:00:00+00:00
POL-000031,AUTO-100031,CUST-000031,AUTO,FL,2023-11-13,2024-11-12,1666.14,63000.00,2023-10-29T12:00:00+00:00
POL-000032,AUTO-100032,CUST-000032,AUTO,SC,2023-10-26,2024-10-25,976.94,206000.00,2023-10-11T12:00:00+00:00
POL-000033,HOME-100033,CUST-000033,HOME,GA,2023-12-10,2024-12-09,1007.59,541000.00,2023-11-25T12:00:00+00:00
POL-000034,AUTO-100034,CUST-000034,AUTO,SC,2022-03-19,2023-03-19,2341.91,234000.00,2022-03-04T12:00:00+00:00
POL-000035,AUTO-100035,CUST-000035,AUTO,GA,2023-03-11,2024-03-10,895.64,225000.00,2023-02-24T12:00:00+00:00
POL-000036,HOME-100036,CUST-000036,HOME,SC,2022-10-30,2023-10-30,3978.19,318000.00,2022-10-15T12:00:00+00:00
POL-000037,AUTO-100037,CUST-000037,AUTO,SC,2022-12-06,2023-12-06,1678.16,85000.00,2022-11-21T12:00:00+00:00
POL-000038,AUTO-100038,CUST-000038,AUTO,SC,2023-05-02,2024-05-01,2305.82,96000.00,2023-04-17T12:00:00+00:00
POL-000039,HOME-100039,CUST-000039,HOME,GA,2023-04-14,2024-04-13,961.07,326000.00,2023-03-30T12:00:00+00:00
POL-000040,AUTO-100040,CUST-000040,AUTO,GA,2022-06-08,2023-06-08,1148.86,151000.00,2022-05-24T12:00:00+00:00
POL-000041,AUTO-100041,CUST-000041,AUTO,SC,2023-06-20,2024-06-19,1807.05,249000.00,2023-06-05T12:00:00+00:00
POL-000042,HOME-100042,CUST-000042,HOME,GA,2022-04-10,2023-04-10,4024.84,386000.00,2022-03-26T12:00:00+00:00
POL-000043,AUTO-100043,CUST-000043,AUTO,FL,2023-10-09,2024-10-08,1568.51,192000.00,2023-09-24T12:00:00+00:00
POL-000044,AUTO-100044,CUST-000044,AUTO,NC,2023-01-01,2024-01-01,1794.89,297000.00,2022-12-17T12:00:00+00:00
POL-000045,HOME-100045,CUST-000045,HOME,SC,2022-02-15,2023-02-15,4030.98,411000.00,2022-01-31T12:00:00+00:00
POL-000046,AUTO-100046,CUST-000046,AUTO,GA,2022-10-04,2023-10-04,2316.46,117000.00,2022-09-19T12:00:00+00:00
POL-000047,AUTO-100047,CUST-000047,AUTO,NC,2023-01-31,2024-01-31,2277.65,206000.00,2023-01-16T12:00:00+00:00
POL-000048,HOME-100048,CUST-000048,HOME,FL,2023-04-28,2024-04-27,2969.06,278000.00,2023-04-13T12:00:00+00:00
POL-000049,AUTO-100049,CUST-000049,AUTO,NC,2023-05-06,2024-05-05,1998.83,167000.00,2023-04-21T12:00:00+00:00
POL-000050,AUTO-100050,CUST-000050,AUTO,FL,2023-09-01,2024-08-31,1378.39,128000.00,2023-08-17T12:00:00+00:00
POL-000051,HOME-100051,CUST-000051,HOME,FL,2022-12-27,2023-12-27,1730.22,163000.00,2022-12-12T12:00:00+00:00
POL-000052,AUTO-100052,CUST-000052,AUTO,FL,2022-09-11,2023-09-11,1709.11,139000.00,2022-08-27T12:00:00+00:00
POL-000053,AUTO-100053,CUST-000053,AUTO,SC,2022-10-03,2023-10-03,1059.75,195000.00,2022-09-18T12:00:00+00:00
POL-000054,HOME-100054,CUST-000054,HOME,SC,2023-10-15,2024-10-14,2375.19,204000.00,2023-09-30T12:00:00+00:00
POL-000055,AUTO-100055,CUST-000055,AUTO,GA,2023-02-07,2024-02-07,2150.46,208000.00,2023-01-23T12:00:00+00:00
POL-000056,AUTO-100056,CUST-000056,AUTO,FL,2022-11-02,2023-11-02,1757.40,275000.00,2022-10-18T12:00:00+00:00
POL-000057,HOME-100057,CUST-000057,HOME,GA,2022-10-27,2023-10-27,3380.35,114000.00,2022-10-12T12:00:00+00:00
POL-000058,AUTO-100058,CUST-000058,AUTO,NC,2023-05-02,2024-05-01,1832.14,209000.00,2023-04-17T12:00:00+00:00
POL-000059,AUTO-100059,CUST-000059,AUTO,SC,2022-09-24,2023-09-24,1979.78,97000.00,2022-09-09T12:00:00+00:00
POL-000060,HOME-100060,CUST-000060,HOME,NC,2022-09-14,2023-09-14,3868.73,740000.00,2022-08-30T12:00:00+00:00
POL-000061,AUTO-100061,CUST-000061,AUTO,GA,2022-11-03,2023-11-03,2107.65,115000.00,2022-10-19T12:00:00+00:00
POL-000062,AUTO-100062,CUST-000062,AUTO,FL,2022-05-27,2023-05-27,2014.63,78000.00,2022-05-12T12:00:00+00:00
POL-000063,HOME-100063,CUST-000063,HOME,FL,2023-12-28,2024-12-27,2977.39,526000.00,2023-12-13T12:00:00+00:00
POL-000064,AUTO-100064,CUST-000064,AUTO,FL,2023-12-19,2024-12-18,1099.20,83000.00,2023-12-04T12:00:00+00:00
POL-000065,AUTO-100065,CUST-000065,AUTO,NC,2023-10-20,2024-10-19,770.57,139000.00,2023-10-05T12:00:00+00:00
POL-000066,HOME-100066,CUST-000066,HOME,GA,2023-06-13,2024-06-12,2207.18,684000.00,2023-05-29T12:00:00+00:00
POL-000067,AUTO-100067,CUST-000067,AUTO,NC,2023-07-30,2024-07-29,1797.85,218000.00,2023-07-15T12:00:00+00:00
POL-000068,AUTO-100068,CUST-000068,AUTO,SC,2022-07-25,2023-07-25,2313.29,47000.00,2022-07-10T12:00:00+00:00
POL-000069,HOME-100069,CUST-000069,HOME,FL,2022-04-04,2023-04-04,3255.41,135000.00,2022-03-20T12:00:00+00:00
POL-000070,AUTO-100070,CUST-000070,AUTO,NC,2023-11-07,2024-11-06,2381.97,290000.00,2023-10-23T12:00:00+00:00
POL-000071,AUTO-100071,CUST-000071,AUTO,SC,2023-08-09,2024-08-08,874.76,49000.00,2023-07-25T12:00:00+00:00
POL-000072,HOME-100072,CUST-000072,HOME,NC,2023-04-20,2024-04-19,1013.69,292000.00,2023-04-05T12:00:00+00:00
POL-000073,AUTO-100073,CUST-000073,AUTO,GA,2023-04-28,2024-04-27,1824.21,295000.00,2023-04-13T12:00:00+00:00
POL-000074,AUTO-100074,CUST-000074,AUTO,SC,2023-06-11,2024-06-10,1900.78,233000.00,2023-05-27T12:00:00+00:00
POL-000075,HOME-100075,CUST-000075,HOME,SC,2023-08-11,2024-08-10,1615.15,296000.00,2023-07-27T12:00:00+00:00
POL-000076,AUTO-100076,CUST-000076,AUTO,GA,2022-09-09,2023-09-09,2379.52,172000.00,2022-08-25T12:00:00+00:00
POL-000077,AUTO-100077,CUST-000077,AUTO,NC,2023-05-01,2024-04-30,780.75,67000.00,2023-04-16T12:00:00+00:00
POL-000078,HOME-100078,CUST-000078,HOME,GA,2023-08-06,2024-08-05,1232.34,367000.00,2023-07-22T12:00:00+00:00
POL-000079,AUTO-100079,CUST-000079,AUTO,NC,2022-03-24,2023-03-24,2055.66,295000.00,2022-03-09T12:00:00+00:00
POL-000080,AUTO-100080,CUST-000080,AUTO,NC,2023-09-10,2024-09-09,1526.98,283000.00,2023-08-26T12:00:00+00:00
POL-000081,HOME-100081,CUST-000081,HOME,FL,2022-06-14,2023-06-14,1191.43,121000.00,2022-05-30T12:00:00+00:00
POL-000082,AUTO-100082,CUST-000082,AUTO,GA,2023-04-07,2024-04-06,2058.02,295000.00,2023-03-23T12:00:00+00:00
POL-000083,AUTO-100083,CUST-000083,AUTO,GA,2023-08-30,2024-08-29,1910.00,93000.00,2023-08-15T12:00:00+00:00
POL-000084,HOME-100084,CUST-000084,HOME,GA,2022-10-01,2023-10-01,1251.81,469000.00,2022-09-16T12:00:00+00:00
POL-000085,AUTO-100085,CUST-000085,AUTO,NC,2023-05-16,2024-05-15,897.33,195000.00,2023-05-01T12:00:00+00:00
POL-000086,AUTO-100086,CUST-000086,AUTO,SC,2023-02-20,2024-02-20,1698.08,278000.00,2023-02-05T12:00:00+00:00
POL-000087,HOME-100087,CUST-000087,HOME,SC,2023-10-29,2024-10-28,3282.74,657000.00,2023-10-14T12:00:00+00:00
POL-000088,AUTO-100088,CUST-000088,AUTO,SC,2022-01-11,2023-01-11,778.18,255000.00,2021-12-27T12:00:00+00:00
POL-000089,AUTO-100089,CUST-000089,AUTO,SC,2022-05-29,2023-05-29,1196.48,49000.00,2022-05-14T12:00:00+00:00
POL-000090,HOME-100090,CUST-000090,HOME,NC,2023-08-17,2024-08-16,2847.98,735000.00,2023-08-02T12:00:00+00:00
POL-000091,AUTO-100091,CUST-000091,AUTO,FL,2023-07-16,2024-07-15,772.52,79000.00,2023-07-01T12:00:00+00:00
POL-000092,AUTO-100092,CUST-000092,AUTO,GA,2023-01-20,2024-01-20,788.50,228000.00,2023-01-05T12:00:00+00:00
POL-000093,HOME-100093,CUST-000093,HOME,NC,2023-05-09,2024-05-08,2931.08,695000.00,2023-04-24T12:00:00+00:00
POL-000094,AUTO-100094,CUST-000094,AUTO,FL,2023-06-24,2024-06-23,2176.28,123000.00,2023-06-09T12:00:00+00:00
POL-000095,AUTO-100095,CUST-000095,AUTO,NC,2022-09-18,2023-09-18,1740.69,80000.00,2022-09-03T12:00:00+00:00
POL-000096,HOME-100096,CUST-000096,HOME,SC,2022-09-01,2023-09-01,902.57,728000.00,2022-08-17T12:00:00+00:00
POL-000097,AUTO-100097,CUST-000097,AUTO,GA,2023-02-07,2024-02-07,786.87,285000.00,2023-01-23T12:00:00+00:00
POL-000098,AUTO-100098,CUST-000098,AUTO,SC,2022-10-16,2023-10-16,1534.57,220000.00,2022-10-01T12:00:00+00:00
POL-000099,HOME-100099,CUST-000099,HOME,SC,2022-08-24,2023-08-24,1584.43,422000.00,2022-08-09T12:00:00+00:00
POL-000100,AUTO-100100,CUST-000100,AUTO,GA,2022-10-18,2023-10-18,1069.98,42000.00,2022-10-03T12:00:00+00:00
POL-000101,AUTO-100101,CUST-000101,AUTO,SC,2023-02-28,2024-02-28,1242.95,293000.00,2023-02-13T12:00:00+00:00
POL-000102,HOME-100102,CUST-000102,HOME,SC,2022-05-10,2023-05-10,1877.64,295000.00,2022-04-25T12:00:00+00:00
POL-000103,AUTO-100103,CUST-000103,AUTO,NC,2022-06-24,2023-06-24,983.55,299000.00,2022-06-09T12:00:00+00:00
POL-000104,AUTO-100104,CUST-000104,AUTO,NC,2022-05-18,2023-05-18,2060.60,45000.00,2022-05-03T12:00:00+00:00
POL-000105,HOME-100105,CUST-000105,HOME,GA,2023-12-21,2024-12-20,2570.09,165000.00,2023-12-06T12:00:00+00:00
POL-000106,AUTO-100106,CUST-000106,AUTO,FL,2023-04-11,2024-04-10,1044.49,264000.00,2023-03-27T12:00:00+00:00
POL-000107,AUTO-100107,CUST-000107,AUTO,SC,2023-05-12,2024-05-11,2041.64,168000.00,2023-04-27T12:00:00+00:00
POL-000108,HOME-100108,CUST-000108,HOME,NC,2022-07-24,2023-07-24,3729.99,221000.00,2022-07-09T12:00:00+00:00
POL-000109,AUTO-100109,CUST-000109,AUTO,GA,2022-05-09,2023-05-09,1033.26,222000.00,2022-04-24T12:00:00+00:00
POL-000110,AUTO-100110,CUST-000110,AUTO,GA,2023-09-30,2024-09-29,1219.51,202000.00,2023-09-15T12:00:00+00:00
POL-000111,HOME-100111,CUST-000111,HOME,GA,2022-08-07,2023-08-07,3527.81,682000.00,2022-07-23T12:00:00+00:00
POL-000112,AUTO-100112,CUST-000112,AUTO,NC,2022-10-31,2023-10-31,1096.64,208000.00,2022-10-16T12:00:00+00:00
POL-000113,AUTO-100113,CUST-000113,AUTO,GA,2023-01-17,2024-01-17,2064.02,286000.00,2023-01-02T12:00:00+00:00
POL-000114,HOME-100114,CUST-000114,HOME,GA,2023-02-06,2024-02-06,4153.98,489000.00,2023-01-22T12:00:00+00:00
POL-000115,AUTO-100115,CUST-000115,AUTO,NC,2022-03-24,2023-03-24,1601.19,127000.00,2022-03-09T12:00:00+00:00
POL-000116,AUTO-100116,CUST-000116,AUTO,FL,2023-05-20,2024-05-19,1521.21,168000.00,2023-05-05T12:00:00+00:00
POL-000117,HOME-100117,CUST-000117,HOME,NC,2023-12-23,2024-12-22,2852.50,724000.00,2023-12-08T12:00:00+00:00
POL-000118,AUTO-100118,CUST-000118,AUTO,FL,2022-10-15,2023-10-15,730.49,74000.00,2022-09-30T12:00:00+00:00
POL-000119,AUTO-100119,CUST-000119,AUTO,GA,2023-07-14,2024-07-13,2317.14,60000.00,2023-06-29T12:00:00+00:00
POL-000120,HOME-100120,CUST-000120,HOME,GA,2023-04-21,2024-04-20,3269.34,370000.00,2023-04-06T12:00:00+00:00
POL-000121,AUTO-100121,CUST-000121,AUTO,SC,2022-05-06,2023-05-06,2364.69,252000.00,2022-04-21T12:00:00+00:00
POL-000122,AUTO-100122,CUST-000122,AUTO,NC,2023-06-22,2024-06-21,1724.12,155000.00,2023-06-07T12:00:00+00:00
POL-000123,HOME-100123,CUST-000123,HOME,SC,2022-07-29,2023-07-29,1047.26,274000.00,2022-07-14T12:00:00+00:00
POL-000124,AUTO-100124,CUST-000124,AUTO,SC,2022-09-27,2023-09-27,899.44,222000.00,2022-09-12T12:00:00+00:00
POL-000125,AUTO-100125,CUST-000125,AUTO,GA,2022-06-27,2023-06-27,1319.07,121000.00,2022-06-12T12:00:00+00:00
POL-000126,HOME-100126,CUST-000126,HOME,FL,2023-10-07,2024-10-06,3787.29,720000.00,2023-09-22T12:00:00+00:00
POL-000127,AUTO-100127,CUST-000127,AUTO,GA,2023-04-25,2024-04-24,982.29,183000.00,2023-04-10T12:00:00+00:00
POL-000128,AUTO-100128,CUST-000128,AUTO,FL,2022-07-02,2023-07-02,2390.28,253000.00,2022-06-17T12:00:00+00:00
POL-000129,HOME-100129,CUST-000129,HOME,SC,2022-01-30,2023-01-30,2987.52,649000.00,2022-01-15T12:00:00+00:00
POL-000130,AUTO-100130,CUST-000130,AUTO,NC,2022-09-02,2023-09-02,1272.46,237000.00,2022-08-18T12:00:00+00:00
POL-000131,AUTO-100131,CUST-000131,AUTO,FL,2023-11-19,2024-11-18,940.91,129000.00,2023-11-04T12:00:00+00:00
POL-000132,HOME-100132,CUST-000132,HOME,NC,2023-07-31,2024-07-30,3561.94,267000.00,2023-07-16T12:00:00+00:00
POL-000133,AUTO-100133,CUST-000133,AUTO,NC,2023-11-07,2024-11-06,1133.56,130000.00,2023-10-23T12:00:00+00:00
POL-000134,AUTO-100134,CUST-000134,AUTO,NC,2022-02-09,2023-02-09,1137.84,271000.00,2022-01-25T12:00:00+00:00
POL-000135,HOME-100135,CUST-000135,HOME,SC,2023-01-22,2024-01-22,2046.32,686000.00,2023-01-07T12:00:00+00:00
POL-000136,AUTO-100136,CUST-000136,AUTO,NC,2023-04-05,2024-04-04,1824.30,112000.00,2023-03-21T12:00:00+00:00
POL-000137,AUTO-100137,CUST-000137,AUTO,SC,2022-08-03,2023-08-03,1783.15,60000.00,2022-07-19T12:00:00+00:00
POL-000138,HOME-100138,CUST-000138,HOME,SC,2022-08-31,2023-08-31,1202.03,416000.00,2022-08-16T12:00:00+00:00
POL-000139,AUTO-100139,CUST-000139,AUTO,GA,2022-06-21,2023-06-21,1575.52,202000.00,2022-06-06T12:00:00+00:00
POL-000140,AUTO-100140,CUST-000140,AUTO,FL,2023-11-24,2024-11-23,2188.63,81000.00,2023-11-09T12:00:00+00:00
POL-000141,HOME-100141,CUST-000141,HOME,NC,2022-02-09,2023-02-09,3176.89,427000.00,2022-01-25T12:00:00+00:00
POL-000142,AUTO-100142,CUST-000142,AUTO,SC,2023-07-07,2024-07-06,1392.87,63000.00,2023-06-22T12:00:00+00:00
POL-000143,AUTO-100143,CUST-000143,AUTO,FL,2022-03-28,2023-03-28,1297.66,66000.00,2022-03-13T12:00:00+00:00
POL-000144,HOME-100144,CUST-000144,HOME,GA,2023-08-15,2024-08-14,2075.69,528000.00,2023-07-31T12:00:00+00:00
POL-000145,AUTO-100145,CUST-000145,AUTO,GA,2023-05-15,2024-05-14,1470.79,121000.00,2023-04-30T12:00:00+00:00
POL-000146,AUTO-100146,CUST-000146,AUTO,SC,2023-09-04,2024-09-03,1180.09,64000.00,2023-08-20T12:00:00+00:00
POL-000147,HOME-100147,CUST-000147,HOME,NC,2022-05-22,2023-05-22,2584.64,597000.00,2022-05-07T12:00:00+00:00
POL-000148,AUTO-100148,CUST-000148,AUTO,FL,2022-04-11,2023-04-11,1227.69,143000.00,2022-03-27T12:00:00+00:00
POL-000149,AUTO-100149,CUST-000149,AUTO,GA,2022-06-15,2023-06-15,1264.20,93000.00,2022-05-31T12:00:00+00:00
POL-000150,HOME-100150,CUST-000150,HOME,NC,2023-02-01,2024-02-01,1632.91,286000.00,2023-01-17T12:00:00+00:00
POL-000151,AUTO-100151,CUST-000151,AUTO,SC,2022-11-10,2023-11-10,1745.66,184000.00,2022-10-26T12:00:00+00:00
POL-000152,AUTO-100152,CUST-000152,AUTO,GA,2022-08-23,2023-08-23,2060.77,260000.00,2022-08-08T12:00:00+00:00
POL-000153,HOME-100153,CUST-000153,HOME,NC,2022-05-22,2023-05-22,2235.55,273000.00,2022-05-07T12:00:00+00:00
POL-000154,AUTO-100154,CUST-000154,AUTO,NC,2022-12-06,2023-12-06,1762.31,263000.00,2022-11-21T12:00:00+00:00
POL-000155,AUTO-100155,CUST-000155,AUTO,FL,2022-01-01,2023-01-01,951.45,293000.00,2021-12-17T12:00:00+00:00
POL-000156,HOME-100156,CUST-000156,HOME,SC,2023-12-06,2024-12-05,3877.04,346000.00,2023-11-21T12:00:00+00:00
POL-000157,AUTO-100157,CUST-000157,AUTO,FL,2022-07-03,2023-07-03,1951.46,77000.00,2022-06-18T12:00:00+00:00
POL-000158,AUTO-100158,CUST-000158,AUTO,NC,2023-12-29,2024-12-28,1486.40,268000.00,2023-12-14T12:00:00+00:00
POL-000159,HOME-100159,CUST-000159,HOME,FL,2023-06-27,2024-06-26,2214.21,453000.00,2023-06-12T12:00:00+00:00
POL-000160,AUTO-100160,CUST-000160,AUTO,FL,2022-04-18,2023-04-18,1528.17,166000.00,2022-04-03T12:00:00+00:00
POL-000161,AUTO-100161,CUST-000161,AUTO,FL,2023-09-04,2024-09-03,1796.82,116000.00,2023-08-20T12:00:00+00:00
POL-000162,HOME-100162,CUST-000162,HOME,NC,2023-06-04,2024-06-03,2219.28,354000.00,2023-05-20T12:00:00+00:00
POL-000163,AUTO-100163,CUST-000163,AUTO,GA,2022-11-05,2023-11-05,1051.78,215000.00,2022-10-21T12:00:00+00:00
POL-000164,AUTO-100164,CUST-000164,AUTO,NC,2022-11-15,2023-11-15,809.86,278000.00,2022-10-31T12:00:00+00:00
POL-000165,HOME-100165,CUST-000165,HOME,NC,2022-12-13,2023-12-13,1278.71,630000.00,2022-11-28T12:00:00+00:00
POL-000166,AUTO-100166,CUST-000166,AUTO,GA,2022-07-01,2023-07-01,2255.47,216000.00,2022-06-16T12:00:00+00:00
POL-000167,AUTO-100167,CUST-000167,AUTO,GA,2022-09-06,2023-09-06,1757.71,233000.00,2022-08-22T12:00:00+00:00
POL-000168,HOME-100168,CUST-000168,HOME,GA,2023-03-28,2024-03-27,1264.05,527000.00,2023-03-13T12:00:00+00:00
POL-000169,AUTO-100169,CUST-000169,AUTO,FL,2022-09-27,2023-09-27,2068.25,269000.00,2022-09-12T12:00:00+00:00
POL-000170,AUTO-100170,CUST-000170,AUTO,SC,2022-09-16,2023-09-16,1283.29,164000.00,2022-09-01T12:00:00+00:00
POL-000171,HOME-100171,CUST-000171,HOME,GA,2022-11-09,2023-11-09,1377.93,623000.00,2022-10-25T12:00:00+00:00
POL-000172,AUTO-100172,CUST-000172,AUTO,FL,2022-02-24,2023-02-24,1151.68,86000.00,2022-02-09T12:00:00+00:00
POL-000173,AUTO-100173,CUST-000173,AUTO,GA,2023-12-02,2024-12-01,1859.97,159000.00,2023-11-17T12:00:00+00:00
POL-000174,HOME-100174,CUST-000174,HOME,NC,2022-10-18,2023-10-18,1761.30,386000.00,2022-10-03T12:00:00+00:00
POL-000175,AUTO-100175,CUST-000175,AUTO,SC,2022-10-10,2023-10-10,1008.15,207000.00,2022-09-25T12:00:00+00:00
POL-000176,AUTO-100176,CUST-000176,AUTO,FL,2022-07-10,2023-07-10,1258.59,99000.00,2022-06-25T12:00:00+00:00
POL-000177,HOME-100177,CUST-000177,HOME,GA,2022-02-09,2023-02-09,2327.68,121000.00,2022-01-25T12:00:00+00:00
POL-000178,AUTO-100178,CUST-000178,AUTO,GA,2023-03-29,2024-03-28,1831.25,91000.00,2023-03-14T12:00:00+00:00
POL-000179,AUTO-100179,CUST-000179,AUTO,FL,2022-11-07,2023-11-07,1760.75,238000.00,2022-10-23T12:00:00+00:00
POL-000180,HOME-100180,CUST-000180,HOME,FL,2022-01-19,2023-01-19,3280.60,401000.00,2022-01-04T12:00:00+00:00
POL-000181,AUTO-100181,CUST-000001,AUTO,FL,2022-03-04,2023-03-04,2038.06,279000.00,2022-02-17T12:00:00+00:00
POL-000182,AUTO-100182,CUST-000002,AUTO,GA,2023-04-24,2024-04-23,2316.22,40000.00,2023-04-09T12:00:00+00:00
POL-000183,HOME-100183,CUST-000003,HOME,SC,2023-08-07,2024-08-06,3183.74,473000.00,2023-07-23T12:00:00+00:00
POL-000184,AUTO-100184,CUST-000004,AUTO,SC,2022-02-21,2023-02-21,2192.83,171000.00,2022-02-06T12:00:00+00:00
POL-000185,AUTO-100185,CUST-000005,AUTO,SC,2023-12-01,2024-11-30,976.79,190000.00,2023-11-16T12:00:00+00:00
POL-000186,HOME-100186,CUST-000006,HOME,FL,2023-11-07,2024-11-06,3910.28,398000.00,2023-10-23T12:00:00+00:00
POL-000187,AUTO-100187,CUST-000007,AUTO,GA,2022-07-29,2023-07-29,1356.88,95000.00,2022-07-14T12:00:00+00:00
POL-000188,AUTO-100188,CUST-000008,AUTO,FL,2023-05-26,2024-05-25,2212.00,288000.00,2023-05-11T12:00:00+00:00
POL-000189,HOME-100189,CUST-000009,HOME,SC,2023-04-15,2024-04-14,2328.74,653000.00,2023-03-31T12:00:00+00:00
POL-000190,AUTO-100190,CUST-000010,AUTO,NC,2022-03-22,2023-03-22,826.15,239000.00,2022-03-07T12:00:00+00:00
POL-000191,AUTO-100191,CUST-000011,AUTO,GA,2023-08-05,2024-08-04,2318.47,129000.00,2023-07-21T12:00:00+00:00
POL-000192,HOME-100192,CUST-000012,HOME,GA,2022-12-04,2023-12-04,1282.41,188000.00,2022-11-19T12:00:00+00:00
POL-000193,AUTO-100193,CUST-000013,AUTO,SC,2022-09-15,2023-09-15,1404.51,284000.00,2022-08-31T12:00:00+00:00
POL-000194,AUTO-100194,CUST-000014,AUTO,GA,2022-01-22,2023-01-22,1900.78,279000.00,2022-01-07T12:00:00+00:00
POL-000195,HOME-100195,CUST-000015,HOME,FL,2023-01-11,2024-01-11,3623.69,258000.00,2022-12-27T12:00:00+00:00
POL-000196,AUTO-100196,CUST-000016,AUTO,SC,2023-05-11,2024-05-10,1722.87,242000.00,2023-04-26T12:00:00+00:00
POL-000197,AUTO-100197,CUST-000017,AUTO,GA,2023-11-20,2024-11-19,2167.79,201000.00,2023-11-05T12:00:00+00:00
POL-000198,HOME-100198,CUST-000018,HOME,NC,2022-09-05,2023-09-05,2854.41,655000.00,2022-08-21T12:00:00+00:00
POL-000199,AUTO-100199,CUST-000019,AUTO,NC,2023-08-06,2024-08-05,2366.26,85000.00,2023-07-22T12:00:00+00:00
POL-000200,AUTO-100200,CUST-000020,AUTO,NC,2022-06-11,2023-06-11,2226.81,82000.00,2022-05-27T12:00:00+00:00
POL-000201,HOME-100201,CUST-000021,HOME,GA,2023-01-31,2024-01-31,3651.41,365000.00,2023-01-16T12:00:00+00:00
POL-000202,AUTO-100202,CUST-000022,AUTO,FL,2023-02-07,2024-02-07,2156.80,141000.00,2023-01-23T12:00:00+00:00
POL-000203,AUTO-100203,CUST-000023,AUTO,NC,2022-10-02,2023-10-02,1848.55,227000.00,2022-09-17T12:00:00+00:00
POL-000204,HOME-100204,CUST-000024,HOME,GA,2022-07-23,2023-07-23,3708.82,733000.00,2022-07-08T12:00:00+00:00
POL-000205,AUTO-100205,CUST-000025,AUTO,NC,2023-09-23,2024-09-22,2222.36,252000.00,2023-09-08T12:00:00+00:00
POL-000206,AUTO-100206,CUST-000026,AUTO,GA,2023-10-27,2024-10-26,1098.51,122000.00,2023-10-12T12:00:00+00:00
POL-000207,HOME-100207,CUST-000027,HOME,SC,2023-01-26,2024-01-26,2319.84,583000.00,2023-01-11T12:00:00+00:00
POL-000208,AUTO-100208,CUST-000028,AUTO,NC,2023-10-29,2024-10-28,784.11,197000.00,2023-10-14T12:00:00+00:00
POL-000209,AUTO-100209,CUST-000029,AUTO,NC,2023-01-25,2024-01-25,1612.03,246000.00,2023-01-10T12:00:00+00:00
POL-000210,HOME-100210,CUST-000030,HOME,SC,2022-08-23,2023-08-23,4032.45,401000.00,2022-08-08T12:00:00+00:00
POL-000211,AUTO-100211,CUST-000031,AUTO,FL,2022-08-23,2023-08-23,1450.89,229000.00,2022-08-08T12:00:00+00:00
POL-000212,AUTO-100212,CUST-000032,AUTO,NC,2022-08-26,2023-08-26,1419.19,238000.00,2022-08-11T12:00:00+00:00
POL-000213,HOME-100213,CUST-000033,HOME,NC,2022-12-07,2023-12-07,1083.12,346000.00,2022-11-22T12:00:00+00:00
POL-000214,AUTO-100214,CUST-000034,AUTO,FL,2022-12-05,2023-12-05,1543.43,184000.00,2022-11-20T12:00:00+00:00
POL-000215,AUTO-100215,CUST-000035,AUTO,SC,2023-08-14,2024-08-13,1805.11,94000.00,2023-07-30T12:00:00+00:00
POL-000216,HOME-100216,CUST-000036,HOME,SC,2022-09-30,2023-09-30,4092.04,317000.00,2022-09-15T12:00:00+00:00
POL-000217,AUTO-100217,CUST-000037,AUTO,FL,2023-01-10,2024-01-10,1361.15,102000.00,2022-12-26T12:00:00+00:00
POL-000218,AUTO-100218,CUST-000038,AUTO,GA,2023-10-31,2024-10-30,1860.11,218000.00,2023-10-16T12:00:00+00:00
POL-000219,HOME-100219,CUST-000039,HOME,GA,2023-08-04,2024-08-03,2743.77,339000.00,2023-07-20T12:00:00+00:00
POL-000220,AUTO-100220,CUST-000040,AUTO,GA,2022-01-04,2023-01-04,2394.47,201000.00,2021-12-20T12:00:00+00:00
POL-000221,AUTO-100221,CUST-000041,AUTO,NC,2022-07-30,2023-07-30,1910.87,200000.00,2022-07-15T12:00:00+00:00
POL-000222,HOME-100222,CUST-000042,HOME,FL,2022-01-29,2023-01-29,4182.20,272000.00,2022-01-14T12:00:00+00:00
POL-000223,AUTO-100223,CUST-000043,AUTO,NC,2022-04-20,2023-04-20,1551.92,262000.00,2022-04-05T12:00:00+00:00
POL-000224,AUTO-100224,CUST-000044,AUTO,GA,2023-11-30,2024-11-29,2214.02,123000.00,2023-11-15T12:00:00+00:00
POL-000225,HOME-100225,CUST-000045,HOME,FL,2023-05-04,2024-05-03,2396.00,190000.00,2023-04-19T12:00:00+00:00
POL-000226,AUTO-100226,CUST-000046,AUTO,SC,2023-06-12,2024-06-11,1198.66,73000.00,2023-05-28T12:00:00+00:00
POL-000227,AUTO-100227,CUST-000047,AUTO,GA,2022-09-28,2023-09-28,1796.26,211000.00,2022-09-13T12:00:00+00:00
POL-000228,HOME-100228,CUST-000048,HOME,FL,2023-02-22,2024-02-22,1068.96,148000.00,2023-02-07T12:00:00+00:00
POL-000229,AUTO-100229,CUST-000049,AUTO,GA,2022-03-05,2023-03-05,1207.62,246000.00,2022-02-18T12:00:00+00:00
POL-000230,AUTO-100230,CUST-000050,AUTO,SC,2022-01-16,2023-01-16,2173.63,127000.00,2022-01-01T12:00:00+00:00
POL-000231,HOME-100231,CUST-000051,HOME,GA,2022-08-18,2023-08-18,3353.62,137000.00,2022-08-03T12:00:00+00:00
POL-000232,AUTO-100232,CUST-000052,AUTO,NC,2023-08-15,2024-08-14,2281.42,143000.00,2023-07-31T12:00:00+00:00
POL-000233,AUTO-100233,CUST-000053,AUTO,NC,2022-02-02,2023-02-02,2057.00,275000.00,2022-01-18T12:00:00+00:00
POL-000234,HOME-100234,CUST-000054,HOME,GA,2023-05-04,2024-05-03,2547.70,117000.00,2023-04-19T12:00:00+00:00
POL-000235,AUTO-100235,CUST-000055,AUTO,FL,2022-07-20,2023-07-20,2009.85,30000.00,2022-07-05T12:00:00+00:00
POL-000236,AUTO-100236,CUST-000056,AUTO,NC,2023-03-24,2024-03-23,1370.98,188000.00,2023-03-09T12:00:00+00:00
POL-000237,HOME-100237,CUST-000057,HOME,NC,2022-04-01,2023-04-01,2687.99,304000.00,2022-03-17T12:00:00+00:00
POL-000238,AUTO-100238,CUST-000058,AUTO,SC,2022-07-06,2023-07-06,2276.56,249000.00,2022-06-21T12:00:00+00:00
POL-000239,AUTO-100239,CUST-000059,AUTO,SC,2023-08-01,2024-07-31,1489.40,238000.00,2023-07-17T12:00:00+00:00
POL-000240,HOME-100240,CUST-000060,HOME,FL,2023-09-24,2024-09-23,3602.72,114000.00,2023-09-09T12:00:00+00:00
POL-000241,AUTO-100241,CUST-000061,AUTO,GA,2023-02-19,2024-02-19,2093.27,64000.00,2023-02-04T12:00:00+00:00
POL-000242,AUTO-100242,CUST-000062,AUTO,GA,2023-06-19,2024-06-18,2228.00,170000.00,2023-06-04T12:00:00+00:00
POL-000243,HOME-100243,CUST-000063,HOME,FL,2022-08-15,2023-08-15,2603.26,367000.00,2022-07-31T12:00:00+00:00
POL-000244,AUTO-100244,CUST-000064,AUTO,NC,2022-10-29,2023-10-29,1774.76,229000.00,2022-10-14T12:00:00+00:00
POL-000245,AUTO-100245,CUST-000065,AUTO,SC,2022-03-30,2023-03-30,1038.65,223000.00,2022-03-15T12:00:00+00:00
POL-000246,HOME-100246,CUST-000066,HOME,GA,2023-11-11,2024-11-10,2392.70,382000.00,2023-10-27T12:00:00+00:00
POL-000247,AUTO-100247,CUST-000067,AUTO,SC,2022-09-18,2023-09-18,2320.43,42000.00,2022-09-03T12:00:00+00:00
POL-000248,AUTO-100248,CUST-000068,AUTO,SC,2022-12-19,2023-12-19,762.62,182000.00,2022-12-04T12:00:00+00:00
POL-000249,HOME-100249,CUST-000069,HOME,GA,2022-02-28,2023-02-28,2281.09,154000.00,2022-02-13T12:00:00+00:00
POL-000250,AUTO-100250,CUST-000070,AUTO,FL,2022-11-02,2023-11-02,1576.23,87000.00,2022-10-18T12:00:00+00:00
