reserve_event_id,claim_id,coverage_type,transaction_date,reserve_change_amount,reserve_reason,recorded_at
CLM-0000001-R01,CLM-0000001,DWELLING,2023-07-25,14507.71,INITIAL,2023-07-25T12:00:00+00:00
CLM-0000001-R02,CLM-0000001,DWELLING,2023-08-12,2241.71,ADJUSTMENT,2023-08-12T12:00:00+00:00
CLM-0000002-R01,CLM-0000002,LIABILITY,2024-07-10,6115.22,INITIAL,2024-07-10T12:00:00+00:00
CLM-0000002-R02,CLM-0000002,LIABILITY,2024-07-25,2186.62,ADJUSTMENT,2024-07-25T12:00:00+00:00
CLM-0000003-R01,CLM-0000003,CONTENTS,2024-01-21,24505.86,INITIAL,2024-01-21T12:00:00+00:00
CLM-0000003-R02,CLM-0000003,CONTENTS,2024-02-04,7102.08,ADJUSTMENT,2024-02-04T12:00:00+00:00
CLM-0000004-R01,CLM-0000004,COLLISION,2023-09-12,1553.74,INITIAL,2023-09-12T12:00:00+00:00
CLM-0000004-R99,CLM-0000004,COLLISION,2023-11-12,-131.08,CLOSE_RELEASE,2023-11-12T12:00:00+00:00
CLM-0000005-R01,CLM-0000005,PD,2024-02-15,3444.60,INITIAL,2024-02-15T12:00:00+00:00
CLM-0000005-R99,CLM-0000005,PD,2024-05-12,-236.27,CLOSE_RELEASE,2024-05-12T12:00:00+00:00
CLM-0000006-R01,CLM-0000006,DWELLING,2023-08-22,1862.00,INITIAL,2023-08-22T12:00:00+00:00
CLM-0000006-R99,CLM-0000006,DWELLING,2024-01-16,113.85,CLOSE_RELEASE,2024-01-16T12:00:00+00:00
CLM-0000007-R01,CLM-0000007,DWELLING,2023-11-26,6011.63,INITIAL,2023-11-26T12:00:00+00:00
CLM-0000008-R01,CLM-0000008,BI,2024-01-03,19984.38,INITIAL,2024-01-03T12:00:00+00:00
CLM-0000008-R02,CLM-0000008,BI,2024-01-11,8598.41,ADJUSTMENT,2024-01-11T12:00:00+00:00
CLM-0000009-R01,CLM-0000009,ALE,2023-08-22,5536.72,INITIAL,2023-08-22T12:00:00+00:00
CLM-0000009-R99,CLM-0000009,ALE,2023-11-26,-413.02,CLOSE_RELEASE,2023-11-26T12:00:00+00:00
CLM-0000010-R01,CLM-0000010,COLLISION,2023-08-24,3675.18,INITIAL,2023-08-24T12:00:00+00:00
CLM-0000010-R02,CLM-0000010,COLLISION,2023-09-18,577.40,ADJUSTMENT,2023-09-18T12:00:00+00:00
CLM-0000011-R01,CLM-0000011,BI,2023-06-01,1236.50,INITIAL,2023-06-01T12:00:00+00:00
CLM-0000011-R99,CLM-0000011,BI,2023-07-18,89.03,CLOSE_RELEASE,2023-07-18T12:00:00+00:00
CLM-0000012-R01,CLM-0000012,CONTENTS,2023-04-12,15340.13,INITIAL,2023-04-12T12:00:00+00:00
CLM-0000012-R99,CLM-0000012,CONTENTS,2023-09-18,-473.43,CLOSE_RELEASE,2023-09-18T12:00:00+00:00
CLM-0000013-R01,CLM-0000013,BI,2023-11-29,5665.21,INITIAL,2023-11-29T12:00:00+00:00
CLM-0000013-R02,CLM-0000013,BI,2023-12-11,722.56,ADJUSTMENT,2023-12-11T12:00:00+00:00
CLM-0000014-R01,CLM-0000014,DWELLING,2023-08-06,5226.40,INITIAL,2023-08-06T12:00:00+00:00
CLM-0000014-R99,CLM-0000014,DWELLING,2023-09-20,10.29,CLOSE_RELEASE,2023-09-20T12:00:00+00:00
CLM-0000015-R01,CLM-0000015,BI,2024-02-27,5088.30,INITIAL,2024-02-27T12:00:00+00:00
CLM-0000015-R99,CLM-0000015,BI,2024-04-02,474.73,CLOSE_RELEASE,2024-04-02T12:00:00+00:00
CLM-0000016-R01,CLM-0000016,BI,2023-11-24,4912.92,INITIAL,2023-11-24T12:00:00+00:00
CLM-0000016-R99,CLM-0000016,BI,2024-01-18,432.50,CLOSE_RELEASE,2024-01-18T12:00:00+00:00
CLM-0000017-R01,CLM-0000017,PD,2024-06-06,6635.58,INITIAL,2024-06-06T12:00:00+00:00
CLM-0000017-R02,CLM-0000017,PD,2024-07-05,3134.05,ADJUSTMENT,2024-07-05T12:00:00+00:00
CLM-0000018-R01,CLM-0000018,LIABILITY,2023-06-18,17907.11,INITIAL,2023-06-18T12:00:00+00:00
CLM-0000018-R99,CLM-0000018,LIABILITY,2023-07-31,-397.59,CLOSE_RELEASE,2023-07-31T12:00:00+00:00
CLM-0000019-R01,CLM-0000019,DWELLING,2023-05-18,28602.14,INITIAL,2023-05-18T12:00:00+00:00
CLM-0000019-R99,CLM-0000019,DWELLING,2023-08-07,1718.97,CLOSE_RELEASE,2023-08-07T12:00:00+00:00
CLM-0000020-R01,CLM-0000020,COMPREHENSIVE,2024-09-27,8845.53,INITIAL,2024-09-27T12:00:00+00:00
CLM-0000020-R99,CLM-0000020,COMPREHENSIVE,2024-12-01,-234.04,CLOSE_RELEASE,2024-12-01T12:00:00+00:00
CLM-0000021-R01,CLM-0000021,BI,2023-01-20,5007.50,INITIAL,2023-01-20T12:00:00+00:00
CLM-0000022-R01,CLM-0000022,PD,2022-04-01,28506.19,INITIAL,2022-04-01T12:00:00+00:00
CLM-0000022-R99,CLM-0000022,PD,2022-04-27,-282.55,CLOSE_RELEASE,2022-04-27T12:00:00+00:00
CLM-0000023-R01,CLM-0000023,ALE,2023-02-18,8813.63,INITIAL,2023-02-18T12:00:00+00:00
CLM-0000023-R99,CLM-0000023,ALE,2023-03-26,-235.96,CLOSE_RELEASE,2023-03-26T12:00:00+00:00
CLM-0000024-R01,CLM-0000024,COMPREHENSIVE,2022-12-20,5608.11,INITIAL,2022-12-20T12:00:00+00:00
CLM-0000024-R02,CLM-0000024,COMPREHENSIVE,2023-01-08,1694.25,ADJUSTMENT,2023-01-08T12:00:00+00:00
CLM-0000025-R01,CLM-0000025,COLLISION,2023-09-05,4260.93,INITIAL,2023-09-05T12:00:00+00:00
CLM-0000025-R99,CLM-0000025,COLLISION,2024-01-02,98.93,CLOSE_RELEASE,2024-01-02T12:00:00+00:00
CLM-0000026-R01,CLM-0000026,DWELLING,2023-11-28,24416.88,INITIAL,2023-11-28T12:00:00+00:00
CLM-0000026-R02,CLM-0000026,DWELLING,2023-12-11,4176.95,ADJUSTMENT,2023-12-11T12:00:00+00:00
CLM-0000027-R01,CLM-0000027,COMPREHENSIVE,2022-06-09,770.19,INITIAL,2022-06-09T12:00:00+00:00
CLM-0000028-R01,CLM-0000028,PD,2024-04-09,18468.31,INITIAL,2024-04-09T12:00:00+00:00
CLM-0000028-R99,CLM-0000028,PD,2024-09-07,-1996.71,CLOSE_RELEASE,2024-09-07T12:00:00+00:00
CLM-0000029-R01,CLM-0000029,ALE,2022-11-08,14357.99,INITIAL,2022-11-08T12:00:00+00:00
CLM-0000029-R99,CLM-0000029,ALE,2023-02-08,-436.29,CLOSE_RELEASE,2023-02-08T12:00:00+00:00
CLM-0000030-R01,CLM-0000030,COLLISION,2023-11-06,1629.22,INITIAL,2023-11-06T12:00:00+00:00
CLM-0000030-R02,CLM-0000030,COLLISION,2023-12-01,268.87,ADJUSTMENT,2023-12-01T12:00:00+00:00
CLM-0000031-R01,CLM-0000031,LIABILITY,2022-11-12,4607.76,INITIAL,2022-11-12T12:00:00+00:00
CLM-0000031-R02,CLM-0000031,LIABILITY,2022-12-10,1149.71,ADJUSTMENT,2022-12-10T12:00:00+00:00
CLM-0000032-R01,CLM-0000032,PD,2023-03-09,4356.53,INITIAL,2023-03-09T12:00:00+00:00
CLM-0000032-R02,CLM-0000032,PD,2023-03-26,1306.69,ADJUSTMENT,2023-03-26T12:00:00+00:00
CLM-0000033-R01,CLM-0000033,PD,2023-11-26,5788.88,INITIAL,2023-11-26T12:00:00+00:00
CLM-0000033-R99,CLM-0000033,PD,2024-04-27,384.84,CLOSE_RELEASE,2024-04-27T12:00:00+00:00
CLM-0000034-R01,CLM-0000034,ALE,2023-07-20,11690.24,INITIAL,2023-07-20T12:00:00+00:00
CLM-0000034-R02,CLM-0000034,ALE,2023-08-08,1347.97,ADJUSTMENT,2023-08-08T12:00:00+00:00
CLM-0000035-R01,CLM-0000035,COMPREHENSIVE,2024-04-20,1124.14,INITIAL,2024-04-20T12:00:00+00:00
CLM-0000035-R99,CLM-0000035,COMPREHENSIVE,2024-09-13,-89.90,CLOSE_RELEASE,2024-09-13T12:00:00+00:00
CLM-0000036-R01,CLM-0000036,ALE,2023-06-05,26297.94,INITIAL,2023-06-05T12:00:00+00:00
CLM-0000036-R02,CLM-0000036,ALE,2023-07-01,4143.81,ADJUSTMENT,2023-07-01T12:00:00+00:00
CLM-0000037-R01,CLM-0000037,COMPREHENSIVE,2023-03-23,8228.57,INITIAL,2023-03-23T12:00:00+00:00
CLM-0000038-R01,CLM-0000038,BI,2024-03-15,6849.36,INITIAL,2024-03-15T12:00:00+00:00
CLM-0000038-R02,CLM-0000038,BI,2024-03-25,2855.55,ADJUSTMENT,2024-03-25T12:00:00+00:00
CLM-0000039-R01,CLM-0000039,COMPREHENSIVE,2024-04-05,1658.50,INITIAL,2024-04-05T12:00:00+00:00
CLM-0000039-R99,CLM-0000039,COMPREHENSIVE,2024-08-14,-158.45,CLOSE_RELEASE,2024-08-14T12:00:00+00:00
CLM-0000040-R01,CLM-0000040,ALE,2024-06-05,23810.82,INITIAL,2024-06-05T12:00:00+00:00
CLM-0000040-R02,CLM-0000040,ALE,2024-07-03,5145.32,ADJUSTMENT,2024-07-03T12:00:00+00:00
CLM-0000041-R01,CLM-0000041,COLLISION,2023-01-28,2752.40,INITIAL,2023-01-28T12:00:00+00:00
CLM-0000041-R99,CLM-0000041,COLLISION,2023-03-14,50.90,CLOSE_RELEASE,2023-03-14T12:00:00+00:00
CLM-0000042-R01,CLM-0000042,LIABILITY,2022-11-01,8725.14,INITIAL,2022-11-01T12:00:00+00:00
CLM-0000042-R99,CLM-0000042,LIABILITY,2023-01-20,-956.96,CLOSE_RELEASE,2023-01-20T12:00:00+00:00
CLM-0000043-R01,CLM-0000043,BI,2024-05-27,2662.51,INITIAL,2024-05-27T12:00:00+00:00
CLM-0000043-R99,CLM-0000043,BI,2024-10-20,225.99,CLOSE_RELEASE,2024-10-20T12:00:00+00:00
CLM-0000044-R01,CLM-0000044,COMPREHENSIVE,2023-05-30,4860.36,INITIAL,2023-05-30T12:00:00+00:00
CLM-0000044-R02,CLM-0000044,COMPREHENSIVE,2023-06-19,2400.33,ADJUSTMENT,2023-06-19T12:00:00+00:00
CLM-0000045-R01,CLM-0000045,BI,2023-06-02,7509.36,INITIAL,2023-06-02T12:00:00+00:00
CLM-0000045-R02,CLM-0000045,BI,2023-06-11,1452.41,ADJUSTMENT,2023-06-11T12:00:00+00:00
CLM-0000046-R01,CLM-0000046,ALE,2024-03-23,7180.26,INITIAL,2024-03-23T12:00:00+00:00
CLM-0000046-R99,CLM-0000046,ALE,2024-04-18,-213.35,CLOSE_RELEASE,2024-04-18T12:00:00+00:00
CLM-0000047-R01,CLM-0000047,ALE,2023-12-20,18639.03,INITIAL,2023-12-20T12:00:00+00:00
CLM-0000047-R99,CLM-0000047,ALE,2024-05-01,-427.71,CLOSE_RELEASE,2024-05-01T12:00:00+00:00
CLM-0000048-R01,CLM-0000048,COLLISION,2023-09-15,13729.44,INITIAL,2023-09-15T12:00:00+00:00
CLM-0000048-R02,CLM-0000048,COLLISION,2023-09-30,2781.65,ADJUSTMENT,2023-09-30T12:00:00+00:00
CLM-0000049-R01,CLM-0000049,LIABILITY,2023-01-20,6500.31,INITIAL,2023-01-20T12:00:00+00:00
CLM-0000049-R02,CLM-0000049,LIABILITY,2023-02-08,2590.72,ADJUSTMENT,2023-02-08T12:00:00+00:00
CLM-0000050-R01,CLM-0000050,COLLISION,2024-01-04,6849.26,INITIAL,2024-01-04T12:00:00+00:00
CLM-0000050-R02,CLM-0000050,COLLISION,2024-01-11,1384.11,ADJUSTMENT,2024-01-11T12:00:00+00:00
CLM-0000051-R01,CLM-0000051,LIABILITY,2023-06-04,13264.06,INITIAL,2023-06-04T12:00:00+00:00
CLM-0000051-R02,CLM-0000051,LIABILITY,2023-06-12,2489.06,ADJUSTMENT,2023-06-12T12:00:00+00:00
CLM-0000052-R01,CLM-0000052,COMPREHENSIVE,2023-08-16,3152.07,INITIAL,2023-08-16T12:00:00+00:00
CLM-0000052-R02,CLM-0000052,COMPREHENSIVE,2023-09-11,691.70,ADJUSTMENT,2023-09-11T12:00:00+00:00
CLM-0000053-R01,CLM-0000053,COLLISION,2023-03-05,7076.60,INITIAL,2023-03-05T12:00:00+00:00
CLM-0000053-R99,CLM-0000053,COLLISION,2023-06-19,-706.92,CLOSE_RELEASE,2023-06-19T12:00:00+00:00
CLM-0000054-R01,CLM-0000054,DWELLING,2024-05-26,4148.79,INITIAL,2024-05-26T12:00:00+00:00
CLM-0000054-R02,CLM-0000054,DWELLING,2024-06-20,950.32,ADJUSTMENT,2024-06-20T12:00:00+00:00
CLM-0000055-R01,CLM-0000055,COMPREHENSIVE,2023-09-02,15403.21,INITIAL,2023-09-02T12:00:00+00:00
CLM-0000055-R02,CLM-0000055,COMPREHENSIVE,2023-09-20,4676.59,ADJUSTMENT,2023-09-20T12:00:00+00:00
CLM-0000056-R01,CLM-0000056,PD,2022-10-02,17238.12,INITIAL,2022-10-02T12:00:00+00:00
CLM-0000056-R02,CLM-0000056,PD,2022-10-12,1771.89,ADJUSTMENT,2022-10-12T12:00:00+00:00
CLM-0000057-R01,CLM-0000057,ALE,2022-11-03,3425.87,INITIAL,2022-11-03T12:00:00+00:00
CLM-0000057-R02,CLM-0000057,ALE,2022-11-22,1805.97,ADJUSTMENT,2022-11-22T12:00:00+00:00
CLM-0000058-R01,CLM-0000058,COLLISION,2024-01-01,18154.52,INITIAL,2024-01-01T12:00:00+00:00
CLM-0000058-R99,CLM-0000058,COLLISION,2024-06-11,-1965.22,CLOSE_RELEASE,2024-06-11T12:00:00+00:00
CLM-0000059-R01,CLM-0000059,BI,2023-01-16,17646.48,INITIAL,2023-01-16T12:00:00+00:00
CLM-0000059-R99,CLM-0000059,BI,2023-05-09,-121.76,CLOSE_RELEASE,2023-05-09T12:00:00+00:00
CLM-0000060-R01,CLM-0000060,COLLISION,2023-09-05,4413.59,INITIAL,2023-09-05T12:00:00+00:00
CLM-0000060-R99,CLM-0000060,COLLISION,2023-10-31,-553.31,CLOSE_RELEASE,2023-10-31T12:00:00+00:00
CLM-0000061-R01,CLM-0000061,ALE,2023-01-07,1912.45,INITIAL,2023-01-07T12:00:00+00:00
CLM-0000061-R02,CLM-0000061,ALE,2023-01-18,814.38,ADJUSTMENT,2023-01-18T12:00:00+00:00
CLM-0000062-R01,CLM-0000062,COMPREHENSIVE,2023-05-02,1692.65,INITIAL,2023-05-02T12:00:00+00:00
CLM-0000062-R02,CLM-0000062,COMPREHENSIVE,2023-05-22,642.55,ADJUSTMENT,2023-05-22T12:00:00+00:00
CLM-0000063-R01,CLM-0000063,COMPREHENSIVE,2023-10-01,10930.47,INITIAL,2023-10-01T12:00:00+00:00
CLM-0000063-R02,CLM-0000063,COMPREHENSIVE,2023-10-22,3624.68,ADJUSTMENT,2023-10-22T12:00:00+00:00
CLM-0000064-R01,CLM-0000064,LIABILITY,2023-01-27,20147.55,INITIAL,2023-01-27T12:00:00+00:00
CLM-0000065-R01,CLM-0000065,COLLISION,2024-08-04,5849.42,INITIAL,2024-08-04T12:00:00+00:00
CLM-0000066-R01,CLM-0000066,COMPREHENSIVE,2023-06-25,1719.25,INITIAL,2023-06-25T12:00:00+00:00
CLM-0000067-R01,CLM-0000067,COLLISION,2023-10-30,6934.69,INITIAL,2023-10-30T12:00:00+00:00
CLM-0000067-R02,CLM-0000067,COLLISION,2023-11-23,1233.99,ADJUSTMENT,2023-11-23T12:00:00+00:00
CLM-0000068-R01,CLM-0000068,DWELLING,2024-10-01,9763.81,INITIAL,2024-10-01T12:00:00+00:00
CLM-0000068-R99,CLM-0000068,DWELLING,2024-12-13,75.64,CLOSE_RELEASE,2024-12-13T12:00:00+00:00
CLM-0000069-R01,CLM-0000069,ALE,2024-08-10,6550.07,INITIAL,2024-08-10T12:00:00+00:00
CLM-0000069-R02,CLM-0000069,ALE,2024-09-03,2767.22,ADJUSTMENT,2024-09-03T12:00:00+00:00
CLM-0000070-R01,CLM-0000070,BI,2024-01-22,15972.90,INITIAL,2024-01-22T12:00:00+00:00
CLM-0000070-R02,CLM-0000070,BI,2024-02-02,5639.80,ADJUSTMENT,2024-02-02T12:00:00+00:00
CLM-0000071-R01,CLM-0000071,COMPREHENSIVE,2023-10-24,18706.05,INITIAL,2023-10-24T12:00:00+00:00
CLM-0000072-R01,CLM-0000072,ALE,2023-11-29,10725.70,INITIAL,2023-11-29T12:00:00+00:00
CLM-0000072-R99,CLM-0000072,ALE,2023-12-20,-934.70,CLOSE_RELEASE,2023-12-20T12:00:00+00:00
CLM-0000073-R01,CLM-0000073,PD,2022-11-29,19027.19,INITIAL,2022-11-29T12:00:00+00:00
CLM-0000073-R99,CLM-0000073,PD,2023-01-15,-1368.49,CLOSE_RELEASE,2023-01-15T12:00:00+00:00
CLM-0000074-R01,CLM-0000074,PD,2023-08-06,9055.81,INITIAL,2023-08-06T12:00:00+00:00
CLM-0000074-R99,CLM-0000074,PD,2023-11-06,-550.60,CLOSE_RELEASE,2023-11-06T12:00:00+00:00
CLM-0000075-R01,CLM-0000075,CONTENTS,2023-05-09,10625.71,INITIAL,2023-05-09T12:00:00+00:00
CLM-0000075-R02,CLM-0000075,CONTENTS,2023-06-01,4312.75,ADJUSTMENT,2023-06-01T12:00:00+00:00
CLM-0000076-R01,CLM-0000076,COLLISION,2023-05-14,9970.14,INITIAL,2023-05-14T12:00:00+00:00
CLM-0000076-R99,CLM-0000076,COLLISION,2023-05-30,-322.55,CLOSE_RELEASE,2023-05-30T12:00:00+00:00
CLM-0000077-R01,CLM-0000077,COLLISION,2023-01-11,5597.69,INITIAL,2023-01-11T12:00:00+00:00
CLM-0000077-R02,CLM-0000077,COLLISION,2023-02-02,1450.16,ADJUSTMENT,2023-02-02T12:00:00+00:00
CLM-0000078-R01,CLM-0000078,COLLISION,2023-05-10,4819.44,INITIAL,2023-05-10T12:00:00+00:00
CLM-0000078-R02,CLM-0000078,COLLISION,2023-05-22,1173.26,ADJUSTMENT,2023-05-22T12:00:00+00:00
CLM-0000079-R01,CLM-0000079,DWELLING,2024-04-20,22117.04,INITIAL,2024-04-20T12:00:00+00:00
CLM-0000079-R02,CLM-0000079,DWELLING,2024-04-27,3016.36,ADJUSTMENT,2024-04-27T12:00:00+00:00
CLM-0000080-R01,CLM-0000080,COLLISION,2023-07-28,12985.28,INITIAL,2023-07-28T12:00:00+00:00
CLM-0000080-R99,CLM-0000080,COLLISION,2023-08-31,162.13,CLOSE_RELEASE,2023-08-31T12:00:00+00:00
CLM-0000081-R01,CLM-0000081,LIABILITY,2024-07-08,2118.31,INITIAL,2024-07-08T12:00:00+00:00
CLM-0000082-R01,CLM-0000082,COLLISION,2022-04-08,10158.66,INITIAL,2022-04-08T12:00:00+00:00
CLM-0000083-R01,CLM-0000083,DWELLING,2023-10-04,23854.93,INITIAL,2023-10-04T12:00:00+00:00
CLM-0000083-R99,CLM-0000083,DWELLING,2024-01-20,-2394.95,CLOSE_RELEASE,2024-01-20T12:00:00+00:00
CLM-0000084-R01,CLM-0000084,PD,2022-09-12,3513.71,INITIAL,2022-09-12T12:00:00+00:00
CLM-0000084-R02,CLM-0000084,PD,2022-10-08,1009.38,ADJUSTMENT,2022-10-08T12:00:00+00:00
CLM-0000085-R01,CLM-0000085,COLLISION,2024-05-28,4116.93,INITIAL,2024-05-28T12:00:00+00:00
CLM-0000085-R99,CLM-0000085,COLLISION,2024-07-31,-440.19,CLOSE_RELEASE,2024-07-31T12:00:00+00:00
CLM-0000086-R01,CLM-0000086,COLLISION,2023-10-07,843.47,INITIAL,2023-10-07T12:00:00+00:00
CLM-0000086-R02,CLM-0000086,COLLISION,2023-11-05,201.90,ADJUSTMENT,2023-11-05T12:00:00+00:00
CLM-0000087-R01,CLM-0000087,COLLISION,2023-10-29,9828.03,INITIAL,2023-10-29T12:00:00+00:00
CLM-0000087-R99,CLM-0000087,COLLISION,2024-02-19,-848.22,CLOSE_RELEASE,2024-02-19T12:00:00+00:00
CLM-0000088-R01,CLM-0000088,COMPREHENSIVE,2022-10-19,3943.34,INITIAL,2022-10-19T12:00:00+00:00
CLM-0000088-R99,CLM-0000088,COMPREHENSIVE,2022-12-16,-145.64,CLOSE_RELEASE,2022-12-16T12:00:00+00:00
CLM-0000089-R01,CLM-0000089,COMPREHENSIVE,2023-08-27,3573.13,INITIAL,2023-08-27T12:00:00+00:00
CLM-0000089-R02,CLM-0000089,COMPREHENSIVE,2023-09-03,1175.11,ADJUSTMENT,2023-09-03T12:00:00+00:00
CLM-0000090-R01,CLM-0000090,COMPREHENSIVE,2022-09-19,6052.77,INITIAL,2022-09-19T12:00:00+00:00
CLM-0000091-R01,CLM-0000091,CONTENTS,2024-07-31,20513.12,INITIAL,2024-07-31T12:00:00+00:00
CLM-0000091-R99,CLM-0000091,CONTENTS,2024-10-27,-1699.12,CLOSE_RELEASE,2024-10-27T12:00:00+00:00
CLM-0000092-R01,CLM-0000092,DWELLING,2024-03-20,46913.39,INITIAL,2024-03-20T12:00:00+00:00
CLM-0000092-R99,CLM-0000092,DWELLING,2024-08-05,-5569.59,CLOSE_RELEASE,2024-08-05T12:00:00+00:00
CLM-0000093-R01,CLM-0000093,PD,2022-11-11,13776.19,INITIAL,2022-11-11T12:00:00+00:00
CLM-0000093-R02,CLM-0000093,PD,2022-11-30,1660.80,ADJUSTMENT,2022-11-30T12:00:00+00:00
CLM-0000094-R01,CLM-0000094,COLLISION,2022-07-05,4303.86,INITIAL,2022-07-05T12:00:00+00:00
CLM-0000094-R99,CLM-0000094,COLLISION,2022-08-29,68.54,CLOSE_RELEASE,2022-08-29T12:00:00+00:00
CLM-0000095-R01,CLM-0000095,DWELLING,2023-06-14,7253.74,INITIAL,2023-06-14T12:00:00+00:00
CLM-0000095-R99,CLM-0000095,DWELLING,2023-10-09,593.30,CLOSE_RELEASE,2023-10-09T12:00:00+00:00
CLM-0000096-R01,CLM-0000096,COMPREHENSIVE,2023-03-20,2909.88,INITIAL,2023-03-20T12:00:00+00:00
CLM-0000097-R01,CLM-0000097,PD,2023-05-09,20863.02,INITIAL,2023-05-09T12:00:00+00:00
CLM-0000097-R99,CLM-0000097,PD,2023-09-01,-2641.20,CLOSE_RELEASE,2023-09-01T12:00:00+00:00
CLM-0000098-R01,CLM-0000098,COLLISION,2022-09-20,7922.24,INITIAL,2022-09-20T12:00:00+00:00
CLM-0000098-R02,CLM-0000098,COLLISION,2022-09-28,2224.38,ADJUSTMENT,2022-09-28T12:00:00+00:00
CLM-0000099-R01,CLM-0000099,BI,2023-05-29,3190.16,INITIAL,2023-05-29T12:00:00+00:00
CLM-0000099-R02,CLM-0000099,BI,2023-06-13,799.45,ADJUSTMENT,2023-06-13T12:00:00+00:00
CLM-0000100-R01,CLM-0000100,LIABILITY,2022-12-01,5647.94,INITIAL,2022-12-01T12:00:00+00:00
CLM-0000100-R02,CLM-0000100,LIABILITY,2022-12-20,2403.90,ADJUSTMENT,2022-12-20T12:00:00+00:00
CLM-0000101-R01,CLM-0000101,COLLISION,2022-03-20,736.11,INITIAL,2022-03-20T12:00:00+00:00
CLM-0000101-R02,CLM-0000101,COLLISION,2022-03-27,107.36,ADJUSTMENT,2022-03-27T12:00:00+00:00
CLM-0000102-R01,CLM-0000102,COLLISION,2022-12-11,13598.83,INITIAL,2022-12-11T12:00:00+00:00
CLM-0000103-R01,CLM-0000103,COMPREHENSIVE,2023-09-29,3263.48,INITIAL,2023-09-29T12:00:00+00:00
CLM-0000103-R02,CLM-0000103,COMPREHENSIVE,2023-10-14,1302.84,ADJUSTMENT,2023-10-14T12:00:00+00:00
CLM-0000104-R01,CLM-0000104,CONTENTS,2022-05-10,12948.80,INITIAL,2022-05-10T12:00:00+00:00
CLM-0000104-R02,CLM-0000104,CONTENTS,2022-05-18,6730.34,ADJUSTMENT,2022-05-18T12:00:00+00:00
CLM-0000105-R01,CLM-0000105,COLLISION,2022-03-01,6217.14,INITIAL,2022-03-01T12:00:00+00:00
CLM-0000105-R02,CLM-0000105,COLLISION,2022-03-27,1414.52,ADJUSTMENT,2022-03-27T12:00:00+00:00
CLM-0000106-R01,CLM-0000106,COLLISION,2023-01-03,1098.28,INITIAL,2023-01-03T12:00:00+00:00
CLM-0000106-R99,CLM-0000106,COLLISION,2023-06-28,-76.37,CLOSE_RELEASE,2023-06-28T12:00:00+00:00
CLM-0000107-R01,CLM-0000107,PD,2024-02-01,8744.78,INITIAL,2024-02-01T12:00:00+00:00
CLM-0000107-R99,CLM-0000107,PD,2024-07-07,-610.90,CLOSE_RELEASE,2024-07-07T12:00:00+00:00
CLM-0000108-R01,CLM-0000108,LIABILITY,2024-09-25,11876.48,INITIAL,2024-09-25T12:00:00+00:00
CLM-0000108-R99,CLM-0000108,LIABILITY,2024-11-05,-12.12,CLOSE_RELEASE,2024-11-05T12:00:00+00:00
CLM-0000109-R01,CLM-0000109,ALE,2023-06-19,16925.59,INITIAL,2023-06-19T12:00:00+00:00
CLM-0000110-R01,CLM-0000110,CONTENTS,2024-01-05,18114.61,INITIAL,2024-01-05T12:00:00+00:00
CLM-0000110-R02,CLM-0000110,CONTENTS,2024-01-27,3306.85,ADJUSTMENT,2024-01-27T12:00:00+00:00
CLM-0000111-R01,CLM-0000111,BI,2022-12-13,6028.12,INITIAL,2022-12-13T12:00:00+00:00
CLM-0000111-R99,CLM-0000111,BI,2023-06-07,553.25,CLOSE_RELEASE,2023-06-07T12:00:00+00:00
CLM-0000112-R01,CLM-0000112,PD,2022-08-30,977.95,INITIAL,2022-08-30T12:00:00+00:00
CLM-0000112-R02,CLM-0000112,PD,2022-09-08,267.19,ADJUSTMENT,2022-09-08T12:00:00+00:00
CLM-0000113-R01,CLM-0000113,LIABILITY,2023-10-15,11483.93,INITIAL,2023-10-15T12:00:00+00:00
CLM-0000114-R01,CLM-0000114,LIABILITY,2023-05-20,10708.29,INITIAL,2023-05-20T12:00:00+00:00
CLM-0000114-R02,CLM-0000114,LIABILITY,2023-06-06,2919.24,ADJUSTMENT,2023-06-06T12:00:00+00:00
CLM-0000115-R01,CLM-0000115,COLLISION,2022-09-25,7395.47,INITIAL,2022-09-25T12:00:00+00:00
CLM-0000116-R01,CLM-0000116,COMPREHENSIVE,2022-08-28,2328.95,INITIAL,2022-08-28T12:00:00+00:00
CLM-0000116-R02,CLM-0000116,COMPREHENSIVE,2022-09-08,545.79,ADJUSTMENT,2022-09-08T12:00:00+00:00
CLM-0000117-R01,CLM-0000117,BI,2023-07-17,6026.86,INITIAL,2023-07-17T12:00:00+00:00
CLM-0000117-R02,CLM-0000117,BI,2023-07-24,3200.38,ADJUSTMENT,2023-07-24T12:00:00+00:00
CLM-0000118-R01,CLM-0000118,COLLISION,2024-02-27,4341.84,INITIAL,2024-02-27T12:00:00+00:00
CLM-0000118-R99,CLM-0000118,COLLISION,2024-04-22,-295.39,CLOSE_RELEASE,2024-04-22T12:00:00+00:00
CLM-0000119-R01,CLM-0000119,BI,2024-04-14,1394.05,INITIAL,2024-04-14T12:00:00+00:00
CLM-0000119-R02,CLM-0000119,BI,2024-05-02,401.47,ADJUSTMENT,2024-05-02T12:00:00+00:00
CLM-0000120-R01,CLM-0000120,PD,2024-06-03,4223.87,INITIAL,2024-06-03T12:00:00+00:00
CLM-0000120-R99,CLM-0000120,PD,2024-11-18,28.12,CLOSE_RELEASE,2024-11-18T12:00:00+00:00
CLM-0000121-R01,CLM-0000121,COLLISION,2023-01-04,1609.40,INITIAL,2023-01-04T12:00:00+00:00
CLM-0000121-R99,CLM-0000121,COLLISION,2023-07-03,-47.22,CLOSE_RELEASE,2023-07-03T12:00:00+00:00
CLM-0000122-R01,CLM-0000122,CONTENTS,2023-11-02,4302.87,INITIAL,2023-11-02T12:00:00+00:00
CLM-0000122-R02,CLM-0000122,CONTENTS,2023-11-28,846.71,ADJUSTMENT,2023-11-28T12:00:00+00:00
CLM-0000123-R01,CLM-0000123,PD,2023-03-02,3798.07,INITIAL,2023-03-02T12:00:00+00:00
CLM-0000123-R02,CLM-0000123,PD,2023-03-29,1484.29,ADJUSTMENT,2023-03-29T12:00:00+00:00
CLM-0000124-R01,CLM-0000124,CONTENTS,2023-03-05,4641.51,INITIAL,2023-03-05T12:00:00+00:00
CLM-0000124-R99,CLM-0000124,CONTENTS,2023-07-12,-153.52,CLOSE_RELEASE,2023-07-12T12:00:00+00:00
CLM-0000125-R01,CLM-0000125,COMPREHENSIVE,2022-10-16,41320.68,INITIAL,2022-10-16T12:00:00+00:00
CLM-0000125-R99,CLM-0000125,COMPREHENSIVE,2022-11-03,-5118.10,CLOSE_RELEASE,2022-11-03T12:00:00+00:00
CLM-0000126-R01,CLM-0000126,PD,2023-02-14,3945.40,INITIAL,2023-02-14T12:00:00+00:00
CLM-0000126-R99,CLM-0000126,PD,2023-04-12,263.38,CLOSE_RELEASE,2023-04-12T12:00:00+00:00
CLM-0000127-R01,CLM-0000127,PD,2022-12-29,3703.31,INITIAL,2022-12-29T12:00:00+00:00
CLM-0000127-R02,CLM-0000127,PD,2023-01-27,1778.82,ADJUSTMENT,2023-01-27T12:00:00+00:00
CLM-0000128-R01,CLM-0000128,BI,2024-01-07,2421.72,INITIAL,2024-01-07T12:00:00+00:00
CLM-0000128-R02,CLM-0000128,BI,2024-01-24,1210.64,ADJUSTMENT,2024-01-24T12:00:00+00:00
CLM-0000129-R01,CLM-0000129,DWELLING,2024-06-27,15945.78,INITIAL,2024-06-27T12:00:00+00:00
CLM-0000129-R99,CLM-0000129,DWELLING,2024-09-06,-1007.82,CLOSE_RELEASE,2024-09-06T12:00:00+00:00
CLM-0000130-R01,CLM-0000130,COMPREHENSIVE,2022-09-10,7852.12,INITIAL,2022-09-10T12:00:00+00:00
CLM-0000130-R99,CLM-0000130,COMPREHENSIVE,2022-12-05,-185.22,CLOSE_RELEASE,2022-12-05T12:00:00+00:00
CLM-0000131-R01,CLM-0000131,PD,2023-02-22,4069.81,INITIAL,2023-02-22T12:00:00+00:00
CLM-0000131-R02,CLM-0000131,PD,2023-03-14,1430.27,ADJUSTMENT,2023-03-14T12:00:00+00:00
CLM-0000132-R01,CLM-0000132,ALE,2022-03-12,12813.35,INITIAL,2022-03-12T12:00:00+00:00
CLM-0000132-R99,CLM-0000132,ALE,2022-03-28,642.94,CLOSE_RELEASE,2022-03-28T12:00:00+00:00
CLM-0000133-R01,CLM-0000133,BI,2022-08-30,5220.64,INITIAL,2022-08-30T12:00:00+00:00
CLM-0000133-R99,CLM-0000133,BI,2022-12-03,-366.35,CLOSE_RELEASE,2022-12-03T12:00:00+00:00
CLM-0000134-R01,CLM-0000134,COMPREHENSIVE,2024-04-02,3910.58,INITIAL,2024-04-02T12:00:00+00:00
CLM-0000134-R02,CLM-0000134,COMPREHENSIVE,2024-04-21,403.53,ADJUSTMENT,2024-04-21T12:00:00+00:00
CLM-0000135-R01,CLM-0000135,DWELLING,2023-05-18,14378.14,INITIAL,2023-05-18T12:00:00+00:00
CLM-0000136-R01,CLM-0000136,COMPREHENSIVE,2023-09-12,2564.53,INITIAL,2023-09-12T12:00:00+00:00
CLM-0000136-R99,CLM-0000136,COMPREHENSIVE,2024-01-21,124.31,CLOSE_RELEASE,2024-01-21T12:00:00+00:00
CLM-0000137-R01,CLM-0000137,BI,2024-02-28,6527.12,INITIAL,2024-02-28T12:00:00+00:00
CLM-0000137-R99,CLM-0000137,BI,2024-08-10,-846.86,CLOSE_RELEASE,2024-08-10T12:00:00+00:00
CLM-0000138-R01,CLM-0000138,ALE,2023-10-19,18082.41,INITIAL,2023-10-19T12:00:00+00:00
CLM-0000138-R99,CLM-0000138,ALE,2024-01-05,1516.86,CLOSE_RELEASE,2024-01-05T12:00:00+00:00
CLM-0000139-R01,CLM-0000139,BI,2023-05-09,19514.73,INITIAL,2023-05-09T12:00:00+00:00
CLM-0000140-R01,CLM-0000140,DWELLING,2023-02-25,20427.54,INITIAL,2023-02-25T12:00:00+00:00
CLM-0000140-R02,CLM-0000140,DWELLING,2023-03-04,4278.72,ADJUSTMENT,2023-03-04T12:00:00+00:00
CLM-0000141-R01,CLM-0000141,PD,2023-07-27,5986.55,INITIAL,2023-07-27T12:00:00+00:00
CLM-0000141-R99,CLM-0000141,PD,2023-10-18,526.37,CLOSE_RELEASE,2023-10-18T12:00:00+00:00
CLM-0000142-R01,CLM-0000142,BI,2024-04-05,5848.47,INITIAL,2024-04-05T12:00:00+00:00
CLM-0000142-R99,CLM-0000142,BI,2024-08-28,-632.91,CLOSE_RELEASE,2024-08-28T12:00:00+00:00
CLM-0000143-R01,CLM-0000143,LIABILITY,2022-09-09,2703.70,INITIAL,2022-09-09T12:00:00+00:00
CLM-0000143-R02,CLM-0000143,LIABILITY,2022-10-04,847.53,ADJUSTMENT,2022-10-04T12:00:00+00:00
CLM-0000144-R01,CLM-0000144,COMPREHENSIVE,2022-11-29,3271.71,INITIAL,2022-11-29T12:00:00+00:00
CLM-0000144-R99,CLM-0000144,COMPREHENSIVE,2022-12-31,272.91,CLOSE_RELEASE,2022-12-31T12:00:00+00:00
CLM-0000145-R01,CLM-0000145,BI,2022-08-29,10453.08,INITIAL,2022-08-29T12:00:00+00:00
CLM-0000145-R99,CLM-0000145,BI,2022-11-30,-1034.36,CLOSE_RELEASE,2022-11-30T12:00:00+00:00
CLM-0000146-R01,CLM-0000146,ALE,2024-06-25,5732.32,INITIAL,2024-06-25T12:00:00+00:00
CLM-0000146-R02,CLM-0000146,ALE,2024-07-22,1935.18,ADJUSTMENT,2024-07-22T12:00:00+00:00
CLM-0000147-R01,CLM-0000147,PD,2023-02-26,3031.65,INITIAL,2023-02-26T12:00:00+00:00
CLM-0000147-R02,CLM-0000147,PD,2023-03-17,1250.45,ADJUSTMENT,2023-03-17T12:00:00+00:00
CLM-0000148-R01,CLM-0000148,ALE,2022-08-15,7131.44,INITIAL,2022-08-15T12:00:00+00:00
CLM-0000149-R01,CLM-0000149,BI,2023-09-12,7824.06,INITIAL,2023-09-12T12:00:00+00:00
CLM-0000149-R02,CLM-0000149,BI,2023-10-10,3282.34,ADJUSTMENT,2023-10-10T12:00:00+00:00
CLM-0000150-R01,CLM-0000150,PD,2023-01-11,7530.86,INITIAL,2023-01-11T12:00:00+00:00
